State,District,Block,Habitation Name,Habitation ID,Facility Name,Address,File Upload Date,Facility Category,Facility Subcategory,Lattitude,Longitude
Pondicherry,Puducherry,Ariankuppam,Ariankuppam West,1388227,Panchayat office,Ariyankuppam,52:42.5,Transport/Admin,Panchayat Headquarter,11.89496,79.80177833
Pondicherry,Puducherry,Ariankuppam,Ariankuppam West,1388227,Indian oil,Nonankuppam,05:18.1,Transport/Admin,Fuel Station,11.88581667,79.80059333
Pondicherry,Puducherry,Ariankuppam,Ariankuppam West,1388227,Motherland English high school,Ariyankuppam,56:55.6,Education ,High School - General,11.89564333,79.80129833
Pondicherry,Puducherry,Ariankuppam,Ariankuppam West,1388227,Govt. High school,Ariyankuppam,30:15.9,Education ,High School - General,11.895525,79.804705
Pondicherry,Puducherry,Ariankuppam,Ariankuppam West,1388227,Govt. Higher secondary school,Nonankuppam,58:59.8,Education ,Higher Secondary School,11.88492,79.79539667
Pondicherry,Puducherry,Ariankuppam,Ariankuppam West,1388227,Govt.Higher secondary school,Nonankuppam,07:10.5,Education ,Higher Secondary School,11.886225,79.800575
Pondicherry,Puducherry,Ariankuppam,Ariankuppam West,1388227,Govt. Primary school,Arunthathipuram,54:32.6,Education ,High School - General,11.89895,79.79833
Pondicherry,Puducherry,Ariankuppam,Ariankuppam West,1388227,Health sub centre,Nonankuppam,00:40.5,Medical ,Primary Health Centre,11.88521,79.79884167
Pondicherry,Puducherry,Ariankuppam,Embalam,1388296,Sai krish agency,Embalam,43:13.0,Transport/Admin,Fuel Station,11.86633167,79.71722
Pondicherry,Puducherry,Ariankuppam,Embalam,1388296,SS agency,Embalam,42:32.3,Transport/Admin,Fuel Station,11.86652,79.71902167
Pondicherry,Puducherry,Ariankuppam,Embalam,1388296,Govt primary school,Embalam,33:47.6,Education ,High School - General,11.87285667,79.71358167
Pondicherry,Puducherry,Ariankuppam,Embalam,1388296,PLF office,Embalam,30:56.6,Transport/Admin,Panchayat Headquarter,11.86658833,79.71294333
Pondicherry,Puducherry,Ariankuppam,Embalam,1388296,milk collection centre,Embalam,35:11.8,Agro ,Collection Centre or Pack House,11.87292667,79.71354833
Pondicherry,Puducherry,Ariankuppam,Embalam,1388296,Grama panchayat office,Embalam,32:57.7,Transport/Admin,Panchayat Headquarter,11.86668167,79.71267333
Pondicherry,Puducherry,Ariankuppam,Embalam,1388296,IOB bank,Embalam,32:06.4,Transport/Admin,Bank,11.86659167,79.71271
Pondicherry,Puducherry,Ariankuppam,Embalam,1388296,maraimalaiadigal Govt.HR.SEC school,Embalam,18:43.8,Education ,Higher Secondary School,11.86677,79.71292667
Pondicherry,Puducherry,Villianur,Kothapurinatham,1388359,HP petrol bunk,kothapurinatham,36:40.7,Transport/Admin,Fuel Station,11.92783166,79.66274016
Pondicherry,Puducherry,Villianur,Kothapurinatham,1388359,Government High School,kothapurinatham,35:46.5,Education ,High School - General,11.93537429,79.66842097
Pondicherry,Puducherry,Villianur,Sellipet,1388410,Indian oil petrol bunk,Sellipet,26:53.3,Transport/Admin,Fuel Station,11.95190617,79.69952293
Pondicherry,Puducherry,Villianur,Sellipet,1388410,Government High School,Sellipet,29:17.2,Education ,High School - General,11.95707549,79.69607876
Pondicherry,Puducherry,Villianur,Sellipet,1388410,Puduvai Bharathiyar Grama Bank,Sellipet,25:52.8,Transport/Admin,Bank,11.95462786,79.69262134
Pondicherry,Puducherry,Villianur,Sellipet,1388410,veternary hospital,sallipet,28:03.5,Medical ,Veterinary Hospital,11.95654291,79.69748668
Pondicherry,Karaikal,karaikal,Vadakattalai,1388764,Sub center (Nedungadu  Vadakattalai),vadakattalai  ponpethy,02:49.9,Medical ,Primary Health Centre,10.99092115,79.77615692
Pondicherry,Puducherry,Ariankuppam,Karaiyamputhr,1388246,SS Agency HP Fuel station,Karaiyamputhur,32:44.1,Transport/Admin,Fuel Station,11.82062333,79.64957667
Pondicherry,Puducherry,Ariankuppam,Karaiyamputhr,1388246,Primary health centre,karaiyamputhur,44:17.6,Medical ,Primary Health Centre,11.82295667,79.64726333
Pondicherry,Puducherry,Ariankuppam,Karaiyamputhr,1388246,Govt higher secantary school,karaiyamputhu,40:10.5,Education ,Higher Secondary School,11.82107833,79.65027
Pondicherry,Puducherry,Ariankuppam,Karaiyamputhr,1388246,Govt higher secondary school,karaiyamputhu,43:28.8,Education ,Higher Secondary School,11.82107833,79.65027
Pondicherry,Puducherry,Ariankuppam,Karaiyamputhr,1388246,Govt.primary school,karaiyamputhur,29:19.1,Education ,High School - General,11.820715,79.649
Pondicherry,Puducherry,Ariankuppam,Bahour East,1388259,veterinary hospital,Bahour,04:00.3,Medical ,Veterinary Hospital,11.80577667,79.74887833
Pondicherry,Puducherry,Ariankuppam,Bahour East,1388259,PLFOffice,Bahour,54:42.4,Transport/Admin,Panchayat Headquarter,11.80872333,79.745565
Pondicherry,Puducherry,Ariankuppam,Bahour East,1388259,Govt. primary school,Bahour,52:21.9,Education ,High School - General,11.81215833,79.74642833
Pondicherry,Puducherry,Ariankuppam,Bahour East,1388259,Kasthuribai ganthi Govt. Higher secondary school,Bahour,04:46.3,Education ,Higher Secondary School,11.80548167,79.74921833
Pondicherry,Puducherry,Ariankuppam,Manapet ,1388277,govt middle school,manapet,54:22.3,Education ,High School - General,11.79637,79.78670333
Pondicherry,Puducherry,Ariankuppam,Manapet ,1388277,health and wellness centre,manapet,53:16.6,Medical ,Primary Health Centre,11.79573167,79.78402333
Pondicherry,Puducherry,Villianur,Katterikuppam,1388345,Government Higher secondary school,katerikuppam to LR palayam road,49:27.8,Education ,Higher Secondary School,12.006187,79.70197771
Pondicherry,Puducherry,Villianur,Katterikuppam,1388345,bus stop,katerikuppam to alai road,47:15.2,Transport/Admin,Bus Stand,12.00216492,79.70152581
Pondicherry,Puducherry,Villianur,Katterikuppam,1388345,Primary Health centre,katerikuppam,50:31.0,Medical ,Primary Health Centre,12.00091919,79.70433001
Pondicherry,Puducherry,Villianur,Katterikuppam,1388345,Indian Bank,katerikuppam to alai road,48:30.6,Transport/Admin,Bank,12.00308045,79.70161323
Pondicherry,Karaikal,karaikal,Kalikuppam,1388727,Govt  primary school,kalikupam,59:54.1,Education ,High School - General,10.97989485,79.84812115
Pondicherry,Karaikal,karaikal,Kalikuppam,1388727,Fisher Man Training  centre,kalikuppam,00:16.0,Agro ,Collection Centre or Pack House,10.9787028,79.84928179
Pondicherry,Karaikal,karaikal,Kalikuppam,1388727,Bus stop,Kali kuppam,59:22.5,Transport/Admin,Bus Stand,10.9789656,79.85185429
Pondicherry,Karaikal,karaikal,Nallathur,1388745,AH and AWD. key Unit,Nallathur,54:49.4,Medical ,Veterinary Hospital,11.00045617,79.75213424
Pondicherry,Karaikal,karaikal,Nallathur,1388745,Primary  Health center,Nallathur,52:53.5,Medical ,Primary Health Centre,10.98881113,79.76492851
Pondicherry,Karaikal,karaikal,Nallathur,1388745,Bus stop,Nallathur,55:24.4,Transport/Admin,Bus Stand,11.0005836,79.75198032
Pondicherry,Karaikal,karaikal,Nallathur,1388745,Petrol  Bunk,Nallathur,54:03.5,Transport/Admin,Fuel Station,11.001301,79.7519191
Pondicherry,Karaikal,karaikal,Nallathur,1388745,Govt primary  school,Nallathur,55:51.7,Education ,High School - General,11.00031476,79.75190913
Pondicherry,Puducherry,Ariankuppam,Koravallimedu,1388284,Health and wellness centre,koravallimedu,56:29.6,Medical ,Primary Health Centre,11.791535,79.77552167
Pondicherry,Puducherry,Ariankuppam,Koravallimedu,1388284,KR Subramaniya padayatchi Govt higher secondary school,Koravallimedu,55:26.6,Education ,Higher Secondary School,11.79194167,79.7753
Pondicherry,Puducherry,Villianur,Nallur,1388354,Govt. primary school,Nallur,18:52.9,Education ,High School - General,11.9042335,79.63278338
Pondicherry,Puducherry,Villianur,Nallur,1388354,milk collection centre,Nallur,21:48.3,Agro ,Collection Centre or Pack House,11.90271278,79.63294523
Pondicherry,Karaikal,karaikal,Thiruvettakudy,1388720,Health sub center,Thiruvettakudy,02:08.9,Medical ,Primary Health Centre,10.97819022,79.83749395
Pondicherry,Karaikal,karaikal,Thiruvettakudy,1388720,Govt  High school,Thiruvattakudy,02:27.1,Education ,High School - General,10.97841231,79.83630077
Pondicherry,Karaikal,karaikal,Thiruvettakudy,1388720,Grama  panchayat,Thiruvettakudy,02:46.4,Transport/Admin,Panchayat Headquarter,10.97839952,79.83628929
Pondicherry,Karaikal,karaikal,Thiruvettakudy,1388720,Bus stop,Thiruvettakudy,01:17.9,Transport/Admin,Bus Stand,10.982099,79.83642374
Pondicherry,Karaikal,karaikal,Kurumbagaram East,1388754,Health  sub center,Kurumbagaram,00:48.3,Medical ,Primary Health Centre,10.98176489,79.7682132
Pondicherry,Karaikal,karaikal,Kurumbagaram East,1388754,St  Theresa  Aided High school,Kurumbagaram,00:04.7,Education ,High School - General,10.98435848,79.76789968
Pondicherry,Karaikal,karaikal,Kurumbagaram East,1388754,Govt High  school,Kurumbagaram,00:25.6,Education ,High School - General,10.98182096,79.76810047
Pondicherry,Karaikal,karaikal,Ambagarathur,1389039,Laxmi vilas  Bank,Ambagarathur,54:13.1,Transport/Admin,Bank,10.95682495,79.72781999
Pondicherry,Karaikal,karaikal,Ambagarathur,1389039,Primary  Health centre,vella theru  Ambagarathur,43:17.2,Medical ,Primary Health Centre,10.9587315,79.72829171
Pondicherry,Karaikal,karaikal,Ambagarathur,1389039,kirama  panchayat,Ambagarathur,55:09.5,Transport/Admin,Panchayat Headquarter,10.95648269,79.72735141
Pondicherry,Karaikal,karaikal,Ambagarathur,1389039,Crescent  Higher  secondary school  (private),Ambagarathur,53:27.4,Education ,Higher Secondary School,10.95579078,79.72915414
Pondicherry,Karaikal,karaikal,Ambagarathur,1389039,High school (Private),KRM School  Ambagarathur,44:32.1,Education ,High School - Girls,10.95909849,79.73179244
Pondicherry,Karaikal,karaikal,Ambagarathur,1389039,Govt Higher Secondary school,Ambagarathur,40:26.8,Education ,Higher Secondary School,10.9567694,79.7285978
Pondicherry,Karaikal,karaikal,Ambagarathur,1389039,Govt Vetinary  Hospital,Main Road  Ambagarathur,52:25.8,Medical ,Veterinary Hospital,10.95517695,79.73249853
Pondicherry,Karaikal,karaikal,Ambagarathur,1389039,Govt  primary school,Ambagarathur,42:08.2,Education ,High School - General,10.95712005,79.72727851
Pondicherry,Karaikal,karaikal,Ambagarathur,1389039,Petrol  bunk,Ambagarathur,51:50.0,Transport/Admin,Fuel Station,10.95430049,79.73277472
Pondicherry,Karaikal,karaikal,Ambagarathur,1389039,IOB Bank,Ambagarathur,52:43.3,Transport/Admin,Bank,10.95642152,79.72942918
Pondicherry,Karaikal,karaikal,Ambagarathur,1389039,Bus  Stop,Ambagarathur,54:46.5,Transport/Admin,Bus Stand,10.95695861,79.72742753
Pondicherry,Karaikal,karaikal,Ambagarathur,1389039,Puduvai Bharathiar Grama  Bank,Ambagarathur,54:31.7,Transport/Admin,Bank,10.95718963,79.7263664
Pondicherry,Puducherry,Ariankuppam,Poornankuppam,1388241,govt middle school,poornankuppam,45:06.6,Education ,High School - General,11.86892167,79.80436
Pondicherry,Puducherry,Ariankuppam,Poornankuppam,1388241,milk collection centre,poornankuppam,46:04.2,Agro ,Collection Centre or Pack House,11.86893667,79.80497
Pondicherry,Puducherry,Ariankuppam,Paniyadikuppam,1388248,Health and wellness centre,Paniyadikuppam,43:38.6,Medical ,Primary Health Centre,11.84341833,79.65038333
Pondicherry,Puducherry,Ariankuppam,Paniyadikuppam,1388248,Govt middle school,paniyadikuppam,44:35.5,Education ,High School - General,11.84347167,79.64978167
Pondicherry,Puducherry,Ariankuppam,Mathikrishnapuram ,1388282,Govt primary school,Mathikrishnapuram,50:23.6,Education ,High School - General,11.790775,79.77202667
Pondicherry,Puducherry,Villianur,Kalitheerthalkuppam,1388348,HP petrol bunk,Thirukkanur road,16:30.2,Transport/Admin,Fuel Station,11.92176209,79.63218645
Pondicherry,Puducherry,Villianur,Kalitheerthalkuppam,1388348,Bus stop,High way road,17:57.7,Transport/Admin,Bus Stand,11.9184342,79.63344806
Pondicherry,Puducherry,Villianur,Kalitheerthalkuppam,1388348,Bedded hospital,Hospital road,17:02.1,Medical ,Bedded Hospital,11.92175269,79.62938338
Pondicherry,Puducherry,Villianur,Kalitheerthalkuppam,1388348,Kamarajar Degree college,Thirukkanur road,15:24.2,Education ,Degree College,11.92157755,79.63215266
Pondicherry,Puducherry,Villianur,Sivaranthagam,1388384,Essar Petrol Bunk,kizhoor main road.,03:33.4,Transport/Admin,Bank,11.8813959,79.67519767
Pondicherry,Puducherry,Villianur,Sivaranthagam,1388384,Govt. primary school,sivaranthagam,27:57.8,Education ,High School - General,11.89269549,79.69795509
Pondicherry,Puducherry,Villianur,Sivaranthagam,1388384,Puduvai bharathiar Grama bank,"Sathamangalam main road, sivaranthagam.",19:51.6,Transport/Admin,Bank,11.89061433,79.70263103
Pondicherry,Puducherry,Villianur,Sivaranthagam,1388384,PBG bank,sivaranthagam,30:55.7,Transport/Admin,Bank,11.89063213,79.70280884
Pondicherry,Puducherry,Villianur,Sivaranthagam,1388384,veterinary hospital,sivaranthagam,38:51.2,Medical ,Veterinary Hospital,11.89065863,79.70272728
Pondicherry,Puducherry,Villianur,Villianur Central,1388405,Primary Health Centre,villianur,13:07.4,Medical ,Primary Health Centre,11.91065524,79.75639138
Pondicherry,Puducherry,Villianur,Villianur Central,1388405,Block Head Quarters,Villianur,12:39.0,Transport/Admin,Block Headquarter,11.9105952,79.75652363
Pondicherry,Puducherry,Villianur,Villianur Central,1388405,Indian Bank,Pondy Main Road,11:54.1,Transport/Admin,Bank,11.91373616,79.75646768
Pondicherry,Puducherry,Villianur,Villianur Central,1388405,Bus stop,villanur,14:47.5,Transport/Admin,Bus Stand,11.91268456,79.75594782
Pondicherry,Karaikal,karaikal,Nallazhandur,1389041,Govt primary school,Nallazhandur,55:53.1,Education ,High School - General,10.95107974,79.74438109
Pondicherry,Karaikal,karaikal,Sellur,1389111,Rural development  center,Sellur,58:32.1,Transport/Admin,Block Headquarter,10.92696334,79.76911681
Pondicherry,Karaikal,karaikal,Sellur,1389111,Bus  stop,sellur,58:14.1,Transport/Admin,Bus Stand,10.92692484,79.76909773
Pondicherry,Karaikal,karaikal,Sellur,1389111,Mount  Carmel  high school  private,Sellur,59:16.0,Education ,High School - General,10.92752649,79.76765149
Pondicherry,Karaikal,karaikal,Sellur,1389111,Govt  Middle school,Sellur,58:54.3,Education ,High School - General,10.9259516,79.76926088
Pondicherry,Puducherry,Ariankuppam,Soriankuppam,1388252,Govt middle school,soriankuppam,57:44.8,Education ,High School - General,11.78882,79.731005
Pondicherry,Puducherry,Ariankuppam,Soriankuppam,1388252,milk collection centre,soriankuppam,58:14.6,Agro ,Collection Centre or Pack House,11.787025,79.73151
Pondicherry,Puducherry,Ariankuppam,Soriankuppam,1388252,Grama panchayat office,soriankuppam,59:03.1,Transport/Admin,Panchayat Headquarter,11.78796833,79.732635
Pondicherry,Puducherry,Ariankuppam,Soriankuppam,1388252,Indian oil fuel station,soriankuppam,57:15.2,Transport/Admin,Fuel Station,11.78972833,79.73116167
Pondicherry,Puducherry,Ariankuppam,Korkadu,1388301,Gurunam international High school,korkadu,42:51.3,Education ,High School - General,11.88065833,79.73817333
Pondicherry,Puducherry,Ariankuppam,Korkadu,1388301,Moral vidya mandir higher secondary school,korkadu,32:25.7,Education ,Higher Secondary School,11.87728333,79.7489
Pondicherry,Puducherry,Ariankuppam,Korkadu,1388301,Govt primary school,korkadu,42:05.2,Education ,High School - General,11.88055167,79.739715
Pondicherry,Puducherry,Ariankuppam,Korkadu,1388301,Health and wellness centre,korkadu,31:46.2,Medical ,Primary Health Centre,11.88050333,79.74607167
Pondicherry,Puducherry,Ariankuppam,Korkadu,1388301,Govt higher secondary school,korkadu,40:55.9,Education ,Higher Secondary School,11.88034833,79.740275
Pondicherry,Puducherry,Villianur,Madagadipet,1388352,Bharat Petroleum,High way road,31:51.9,Transport/Admin,Fuel Station,11.91815888,79.63912443
Pondicherry,Puducherry,Villianur,Madagadipet,1388352,Mandi,madagadipet,29:45.5,Agro ,Mandi (Notified),11.91895183,79.63679399
Pondicherry,Puducherry,Villianur,Madagadipet,1388352,Higher secondary school,Thirukkanur road,33:42.7,Education ,High School - General,11.91963595,79.6327375
Pondicherry,Puducherry,Villianur,Madagadipet,1388352,veternary hospital,madagadipet,30:59.0,Medical ,Veterinary Hospital,11.91738491,79.63226602
Pondicherry,Puducherry,Villianur,Kottaimedu,1388371,vivekananda government boys higher secondary school,"main road, villianur",26:05.0,Education ,Higher Secondary School,11.90814524,79.75445815
Pondicherry,Puducherry,Villianur,Kottaimedu,1388371,canara bank,"villianur main road, Ariya palayam",15:00.7,Transport/Admin,Bank,11.91001209,79.75028179
Pondicherry,Puducherry,Villianur,Kottaimedu,1388371,Veveganandha Govt Higher Secondary School,Kottaimedu,13:13.4,Education ,Higher Secondary School,11.90835336,79.75461067
Pondicherry,Karaikal,karaikal,Andoor pet,1388771,Bus stop,Andoor,03:25.0,Transport/Admin,Bus Stand,10.99005833,79.78163212
Pondicherry,Karaikal,karaikal,T.R.Pattinam North,1389122,Puduvai  Barathiar  Grama  Bank,TR Pattinam,18:32.0,Transport/Admin,Bank,10.87668715,79.83181686
Pondicherry,Karaikal,karaikal,T.R.Pattinam North,1389122,Govt Girls  High school,TR Pattinam,02:55.4,Education ,High School - Girls,10.87614396,79.83076755
Pondicherry,Karaikal,karaikal,T.R.Pattinam North,1389122,Grama  Panchayat  North,TR pattinam,19:03.9,Transport/Admin,Panchayat Headquarter,10.87730363,79.83279291
Pondicherry,Karaikal,karaikal,T.R.Pattinam North,1389122,Thirumalairayanpattinam  commune  Panchayat office,TR pattinam,18:14.5,Transport/Admin,Panchayat Headquarter,10.90368728,79.83188159
Pondicherry,Karaikal,karaikal,T.R.Pattinam North,1389122,Govt  Middle school,TR Pattinam,18:48.5,Education ,High School - General,10.87798049,79.83256125
Pondicherry,Puducherry,Ariankuppam,Abishegapakkam,1388224,Govt. primary school,Abishegapakkam,24:38.8,Education ,High School - General,11.863125,79.778365
Pondicherry,Puducherry,Ariankuppam,Abishegapakkam,1388224,Setthilal Govt. High school,Abishegapakkam,23:34.0,Education ,High School - General,11.86230667,79.779845
Pondicherry,Puducherry,Ariankuppam,Abishegapakkam,1388224,T palayam Agri co operative bank,Abishegapakkam,29:05.8,Transport/Admin,Bank,11.86144333,79.78153667
Pondicherry,Puducherry,Ariankuppam,Abishegapakkam,1388224,Abishegapakkam panchayat office,Abishegapakkam,25:58.4,Transport/Admin,Panchayat Headquarter,11.86272,79.778465
Pondicherry,Puducherry,Ariankuppam,Abishegapakkam,1388224,High school,Abishegapkkam ward 4,54:58.2,Education ,High School - General,11.93188667,79.80918
Pondicherry,Puducherry,Ariankuppam,Abishegapakkam,1388224,Primary Health centre,Abishegapakkam,21:33.7,Medical ,Primary Health Centre,11.860171,79.7809448
Pondicherry,Puducherry,Ariankuppam,Sooramangalam,1388292,milk collection centre,sooramangalam,14:16.5,Agro ,Collection Centre or Pack House,11.88872,79.62688167
Pondicherry,Puducherry,Ariankuppam,Sooramangalam,1388292,Grama panchayat office,sooramangalam,06:01.6,Transport/Admin,Panchayat Headquarter,11.88211833,79.62577667
Pondicherry,Puducherry,Ariankuppam,Sooramangalam,1388292,Milk collection and cooler centre,sooramangalam,28:39.7,Agro ,Collection Centre or Pack House,11.88872,79.62688167
Pondicherry,Puducherry,Ariankuppam,Sooramangalam,1388292,Govt primary school,sooramangalam,08:51.2,Education ,High School - General,11.88212167,79.62577
Pondicherry,Puducherry,Ariankuppam,Sooramangalam,1388292,HP Fuel station,sooramangalam,09:32.6,Transport/Admin,Fuel Station,11.88205,79.62965333
Pondicherry,Puducherry,Ariankuppam,Sooramangalam,1388292,Hayagriva polytechnic college,sooramangalam,12:18.8,Education ,Degree College,11.88922667,79.62386833
Pondicherry,Puducherry,Ariankuppam,Sooramangalam,1388292,primary Health centre,sooramangalam,10:29.5,Medical ,Primary Health Centre,11.88736167,79.62933833
Pondicherry,Puducherry,Ariankuppam,Pudukuppam,1388299,milk collection centre,pudukuppam,39:43.9,Agro ,Collection Centre or Pack House,11.8784,79.72392833
Pondicherry,Puducherry,Ariankuppam,Pudukuppam,1388299,veterinary hospital,pudukuppam,38:58.3,Medical ,Veterinary Hospital,11.87857833,79.72394333
Pondicherry,Karaikal,karaikal,Konnakavely,1388717,Govt primary school,konnakavely,23:04.4,Education ,High School - General,10.99757348,79.80897611
Pondicherry,Karaikal,karaikal,Thirunallar,1389092,Co operative  society  Farmer,Thirunallar,03:40.6,Agro ,Collection Centre or Pack House,10.92625119,79.7935051
Pondicherry,Karaikal,karaikal,Thirunallar,1389092,Bus stand,Thirunallar,54:16.1,Transport/Admin,Bus Stand,10.92641683,79.79832125
Pondicherry,Karaikal,karaikal,Thirunallar,1389092,Minor  vetinary  Dispensery,Thirunallar,57:22.7,Medical ,Veterinary Hospital,10.92633947,79.78808328
Pondicherry,Karaikal,karaikal,Thirunallar,1389092,Govt  Fish  induced  breeding  center,Thirunallar,02:22.4,Agro ,Collection Centre or Pack House,10.92621733,79.78709615
Pondicherry,Karaikal,karaikal,Thirunallar,1389092,Govt  Girls higher secondary school,Thirunallar,02:50.3,Education ,Higher Secondary School,10.92533357,79.79059421
Pondicherry,Karaikal,karaikal,Thirunallar,1389092,Indian  bank,Thirunallar,03:07.8,Transport/Admin,Bank,10.92458251,79.78892988
Pondicherry,Puducherry,Ariankuppam,Veerampatinam,1388230,Govt. primary school,veerampattinam,31:35.1,Education ,High School - General,11.89499,79.82379
Pondicherry,Puducherry,Ariankuppam,Veerampatinam,1388230,Grama panchayat office,veerampattinam,32:15.2,Transport/Admin,Panchayat Headquarter,11.89426167,79.82462833
Pondicherry,Puducherry,Ariankuppam,Veerampatinam,1388230,Govt. High school,veerampattinam,29:16.3,Education ,High School - General,11.89462833,79.82305333
Pondicherry,Puducherry,Ariankuppam,Veerampatinam,1388230,Health sub centre,veerampattinam,28:08.3,Medical ,Primary Health Centre,11.89421167,79.82247833
Pondicherry,Puducherry,Ariankuppam,Veerampatinam,1388230,Govt. girls middle school,veerampatinam,27:19.9,Education ,High School - Girls,11.894305,79.82197167
Pondicherry,Puducherry,Ariankuppam,Adhingapet ,1388264,Govt. middle school,Adhingapet,48:59.1,Education ,High School - General,11.81756833,79.76079833
Pondicherry,Puducherry,Ariankuppam,Embalam Nathamedu,1388298,Govt. primary school,Nathamedu,41:04.9,Education ,High School - General,11.86318833,79.72141167
Pondicherry,Puducherry,Villianur,Thirukkanur,1388332,Primary Health centre,Thirukkanur,33:26.3,Medical ,Primary Health Centre,11.99202908,79.63723974
Pondicherry,Puducherry,Villianur,Thirukkanur,1388332,Indian oil petrol bunk,TV malai road,09:43.0,Transport/Admin,Fuel Station,11.99370755,79.63833546
Pondicherry,Puducherry,Villianur,Thirukkanur,1388332,Government High school,Mannadipet road,13:23.8,Education ,High School - General,11.99205248,79.63799331
Pondicherry,Puducherry,Villianur,Thondamanatham,1388366,Puduvai bharathiyar grama bank,sedarapet main road,25:10.1,Transport/Admin,Bank,11.96093103,79.72435029
Pondicherry,Puducherry,Villianur,Thondamanatham,1388366,veternary hospital,sedarpeta main road,31:06.7,Medical ,Veterinary Hospital,11.96091461,79.72525317
Pondicherry,Puducherry,Villianur,Thondamanatham,1388366,Ansari Duraisamy Govt Hr School,Thondamanatham,32:25.1,Education ,Higher Secondary School,11.95985657,79.72988296
Pondicherry,Karaikal,karaikal,Nedungadu,1389025,IOB  Bank,Nedungadu,28:49.6,Transport/Admin,Bank,10.96955667,79.77153369
Pondicherry,Karaikal,karaikal,Nedungadu,1389025,Co operative  Farmer  society,Nedungadu,28:33.8,Transport/Admin,Block Headquarter,10.97140706,79.77099675
Pondicherry,Karaikal,karaikal,Nedungadu,1389025,ESI Hospital,Nedungadu,31:48.5,Medical ,Primary Health Centre,10.97268105,79.77072001
Pondicherry,Karaikal,karaikal,Nedungadu,1389025,Bus stop Near  Mariaman koil,Mariaman  koil   busstop,34:34.3,Transport/Admin,Bus Stand,10.97297973,79.77175361
Pondicherry,Karaikal,karaikal,Nedungadu,1389025,Bus  stop,"Kamarajar salai  ,Nedungadu",29:58.2,Transport/Admin,Bus Stand,10.9672098,79.77191669
Pondicherry,Karaikal,karaikal,Nedungadu,1389025,Govt  Higher  secondary school,Nedungadu,29:32.0,Education ,Higher Secondary School,10.96706598,79.77191524
Pondicherry,Karaikal,karaikal,Nedungadu,1389025,Ladies  Hostel  Social  welfare  Department,Nedungau,25:45.9,Transport/Admin,Block Headquarter,10.95488965,79.82571624
Pondicherry,Karaikal,karaikal,Nedungadu,1389025,Upgraded  Primary  Health centre,Nedungadu,26:39.4,Medical ,Primary Health Centre,10.97164956,79.77140501
Pondicherry,Karaikal,karaikal,Nedungadu,1389025,Govt primary school,Nedungadu,29:08.6,Education ,High School - General,10.96772969,79.77273703
Pondicherry,Karaikal,karaikal,Nedungadu,1389025,Bus stop,Nedungadu,06:27.2,Transport/Admin,Bus Stand,10.97417299,79.769281
Pondicherry,Puducherry,Villianur,Thirukkanji,1388374,Govt. primary school,Thirukanji,44:38.2,Education ,High School - General,11.89252371,79.7630743
Pondicherry,Puducherry,Villianur,Manavely,1388392,Primary Health Centre,Manavely,50:00.2,Medical ,Primary Health Centre,11.91839561,79.77216153
Pondicherry,Karaikal,karaikal,Melakasakudy,1389017,GOOD SHEPERD ENGLISH  SCHOOL.,Melakasakudy,15:04.8,Education ,Higher Secondary School,10.95150975,79.80325105
Pondicherry,Karaikal,karaikal,Melakasakudy,1389017,Bus stop,Melakasakudi,06:51.2,Transport/Admin,Bus Stand,10.95598719,79.79366028
Pondicherry,Karaikal,karaikal,Melakasakudy,1389017,Village Panchayat office,Nadutheru Melakasakudi,08:50.4,Transport/Admin,Panchayat Headquarter,10.95583024,79.79195929
Pondicherry,Karaikal,karaikal,Melakasakudy,1389017,Pvt  Milk producer  Unit (Ammaiyar  Milk),Melakasakudi,13:11.9,Agro ,Collection Centre or Pack House,10.95252868,79.79913324
Pondicherry,Karaikal,karaikal,Melakasakudy,1389017,Govt.  Middle  school (CBSC),Melakasakudy,01:27.2,Education ,High School - General,10.95578394,79.7944474
Pondicherry,Karaikal,karaikal,Melakasakudy,1389017,Co operative  milk producer  center,Melakasakudi,05:57.7,Agro ,Collection Centre or Pack House,10.95579308,79.79376642
Pondicherry,Karaikal,karaikal,Melakasakudy,1389017,Petrole  bunk  (Pvt),Melakasakudi,11:04.4,Transport/Admin,Fuel Station,10.95871162,79.79126573
Pondicherry,Karaikal,karaikal,Melakasakudy,1389017,Health sub center,Melakasakudi,58:45.9,Medical ,Primary Health Centre,10.95344927,79.79526043
Pondicherry,Karaikal,karaikal,Melakasakudy,1389017,key village unit,Melakasakudi,00:23.3,Medical ,Veterinary Hospital,10.95326612,79.79566017
Pondicherry,Karaikal,karaikal,Keezhvour,1389085,ONGC  Quarters Bus stop,Thirunallar,51:43.8,Transport/Admin,Bus Stand,10.92667897,79.80310755
Pondicherry,Karaikal,karaikal,T.R.Pattinam Central,1389124,Rural  development  office,TR pattinam,04:47.1,Transport/Admin,Block Headquarter,10.8718977,79.82839646
Pondicherry,Karaikal,karaikal,T.R.Pattinam Central,1389124,Govt  Higher  secondary school,TR Pattinam,03:52.7,Education ,Higher Secondary School,10.87305943,79.83055123
Pondicherry,Karaikal,karaikal,T.R.Pattinam Central,1389124,Petrol    Bunk,Melaiyur,06:48.3,Transport/Admin,Fuel Station,10.87187718,79.8231265
Pondicherry,Karaikal,karaikal,T.R.Pattinam Central,1389124,Immaculate  English  Higher  secondary school,TR pattinam,21:20.8,Education ,Higher Secondary School,10.87125675,79.83575359
Pondicherry,Karaikal,karaikal,T.R.Pattinam Central,1389124,ITI  for Women,TR pattimam,05:47.4,Education ,ITI,10.87368025,79.82645847
Pondicherry,Karaikal,karaikal,T.R.Pattinam Central,1389124,Indian  bank,TR Pattinam,23:21.7,Transport/Admin,Bank,10.87046867,79.83022901
Pondicherry,Karaikal,karaikal,T.R.Pattinam Central,1389124,Govt  primary school,TR  pattinam,04:29.1,Education ,High School - General,10.87309561,79.82949155
Pondicherry,Karaikal,karaikal,T.R.Pattinam Central,1389124,Govt Primary school  Cbsc,TR pattinam,05:10.3,Education ,High School - General,10.8701642,79.82872491
Pondicherry,Karaikal,karaikal,T.R.Pattinam Central,1389124,Govt primary school,Karudapalayam  Tr  pattinam,22:52.5,Education ,High School - General,10.87431118,79.83369531
Pondicherry,Karaikal,karaikal,T.R.Pattinam Central,1389124,Vetinary hospital,TR Pattinan,22:39.0,Medical ,Veterinary Hospital,10.87350664,79.8365142
Pondicherry,Puducherry,Ariankuppam,Thanampalayam,1388239,St.joseph English High school,Thanampalayam,20:21.4,Education ,High School - General,11.86125167,79.79753667
Pondicherry,Puducherry,Ariankuppam,Thanampalayam,1388239,Govt primary school,thanampalayam,23:52.6,Education ,High School - General,11.86099167,79.79869167
Pondicherry,Puducherry,Ariankuppam,Thanampalayam,1388239,Bank of India,Thavalakuppam,18:13.3,Transport/Admin,Bank,11.85815833,79.79298333
Pondicherry,Puducherry,Ariankuppam,Vadukuppam,1388305,Govt primary school,vadukuppam,53:32.9,Education ,High School - General,11.86391167,79.661885
Pondicherry,Puducherry,Ariankuppam,Vadukuppam,1388305,milk collection centre,vadukuppam,54:02.4,Agro ,Collection Centre or Pack House,11.86515167,79.663415
Pondicherry,Puducherry,Villianur,Mel Thirukkanji,1388375,milk collection centre,mel Thirukanji,29:58.2,Agro ,Collection Centre or Pack House,11.89205231,79.75828484
Pondicherry,Puducherry,Villianur,Mel Thirukkanji,1388375,Govt. Primary school,Mel Thirukanji,06:35.9,Education ,High School - General,11.8914804,79.75538395
Pondicherry,Puducherry,Ariankuppam,Odaively,1388232,Govt primary school,Odaively,05:29.4,Education ,High School - General,11.88678833,79.81602333
Pondicherry,Puducherry,Ariankuppam,Kariamanickam,1388291,Indian bank,kariamanickam,23:38.2,Transport/Admin,Bank,11.87114667,79.627105
Pondicherry,Puducherry,Ariankuppam,Kariamanickam,1388291,Holyflowers higher secondary school,kariamanickam,24:32.6,Education ,Higher Secondary School,11.87119333,79.62385833
Pondicherry,Puducherry,Ariankuppam,Kariamanickam,1388291,Govt middle school,kariamanickam,23:03.7,Education ,High School - General,11.87021667,79.62951333
Pondicherry,Puducherry,Ariankuppam,Kariamanickam,1388291,Indian oil fuel station,kariamanickam,23:47.4,Transport/Admin,Fuel Station,11.87235167,79.62869833
Pondicherry,Karaikal,karaikal,Sethur,1389100,Bus Stop,Sethur,00:03.5,Transport/Admin,Bus Stand,10.93944805,79.74330256
Pondicherry,Karaikal,karaikal,Sethur,1389100,Health  sub center,Sethur,55:10.7,Medical ,Primary Health Centre,10.93819676,79.74491895
Pondicherry,Karaikal,karaikal,Sethur,1389100,sethur,Push thru sethur,54:19.6,Education ,High School - General,10.93606073,79.7369785
Pondicherry,Karaikal,karaikal,Sethur,1389100,petrol  Bunk,sethur,01:18.6,Transport/Admin,Fuel Station,10.93561705,79.74855761
Pondicherry,Karaikal,karaikal,Sethur,1389100,Rural  Development  center,Sethur,59:17.2,Transport/Admin,Block Headquarter,10.93947062,79.74330699
Pondicherry,Karaikal,karaikal,Sethur,1389100,Puduvai barathiar  kirama Bank,sethur,00:40.5,Transport/Admin,Bank,10.93957839,79.74332375
Pondicherry,Puducherry,Ariankuppam,Kirumampakkam,1388268,govt primary school,kirumampakkam,30:38.4,Education ,High School - General,11.81938833,79.78557167
Pondicherry,Puducherry,Ariankuppam,Kirumampakkam,1388268,health and wellness centre,kirumampakkam,29:42.7,Medical ,Primary Health Centre,11.82055833,79.78405167
Pondicherry,Puducherry,Ariankuppam,Kirumampakkam,1388268,Govt higher secondary school,kirumampakkam,31:14.4,Education ,Higher Secondary School,11.81647833,79.79085333
Pondicherry,Puducherry,Ariankuppam,Karickalampakkam,1388302,SRK higher secondary school,karickalampakkam,32:55.9,Education ,Higher Secondary School,11.86520167,79.748595
Pondicherry,Puducherry,Ariankuppam,Karickalampakkam,1388302,Govt higher secondary school,karickalampakkam,35:49.9,Education ,Higher Secondary School,11.86457667,79.75020667
Pondicherry,Puducherry,Ariankuppam,Karickalampakkam,1388302,Arunai higher secondary school,karickalampakkam,35:03.0,Education ,Higher Secondary School,11.86245167,79.75094833
Pondicherry,Puducherry,Ariankuppam,Karickalampakkam,1388302,community health centre,karickalampakkam,36:40.1,Medical ,Community Health Centre,11.86489833,79.74877833
Pondicherry,Puducherry,Ariankuppam,Karickalampakkam,1388302,milk collection centre,karickalampakkam,37:15.2,Agro ,Collection Centre or Pack House,11.86427667,79.747885
Pondicherry,Puducherry,Ariankuppam,Karickalampakkam,1388302,SBI bank,karickalampakkam,33:33.7,Transport/Admin,Bank,11.86494,79.75091167
Pondicherry,Puducherry,Ariankuppam,Karickalampakkam,1388302,PBG bank,karickalampakkam,34:11.7,Transport/Admin,Bank,11.86468833,79.75072333
Pondicherry,Puducherry,Villianur,Kanuvapet,1388370,Government Highschool General,"3, vanniyar street, kanuvapet",14:21.2,Education ,High School - General,11.9067644,79.76171372
Pondicherry,Karaikal,karaikal,SoniyaGandhi Nagar,1388702,Grama  panchayat,varichikudi,21:05.4,Transport/Admin,Panchayat Headquarter,10.98250939,79.82736506
Pondicherry,Karaikal,karaikal,Keezha Nedungadu,1389021,Donbosco  school,Nedungadu  Vadamattam  Road,34:56.1,Education ,Higher Secondary School,10.97173034,79.77700324
Pondicherry,Puducherry,Ariankuppam,Chinna Karayaputhur,1388247,Govt.primary school,cinnakaraiyamputhur,45:48.1,Education ,High School - General,11.81696167,79.667585
Pondicherry,Puducherry,Ariankuppam,Sembiapalayam,1388297,Pudukuppam PAC bank,sembiapalayam,38:05.6,Transport/Admin,Bank,11.88336833,79.72985
Pondicherry,Puducherry,Ariankuppam,Sembiapalayam,1388297,Grama panchayat office,sembiapalayam,37:17.9,Transport/Admin,Panchayat Headquarter,11.88404333,79.73005167
Pondicherry,Puducherry,Ariankuppam,Sembiapalayam,1388297,Govt primary school,sembiapalayam,36:26.3,Education ,High School - General,11.88397167,79.72995333
Pondicherry,Puducherry,Villianur,Keezhur,1388383,ESSAR Fuel station,keezhur,24:15.0,Transport/Admin,Fuel Station,11.88169416,79.67511582
Pondicherry,Puducherry,Villianur,Keezhur,1388383,Govt. middle school,keezhur,01:49.3,Education ,High School - General,11.88169473,79.67501391
Pondicherry,Karaikal,karaikal,Mandapathur,1388726,NIT,Thiruvattakudi,56:52.2,Education ,Degree College,10.98530885,79.84509211
Pondicherry,Karaikal,karaikal,Mandapathur,1388726,Bus stop,Mandapathur,58:44.3,Transport/Admin,Bus Stand,10.98380254,79.84921673
Pondicherry,Karaikal,karaikal,Mandapathur,1388726,Bharathiar  Engineering college,Thiruvattakudi,58:11.4,Education ,Degree College,10.98364995,79.84919108
Pondicherry,Karaikal,karaikal,Kottucherry North W1,1388733,commune panchayat  west office,kottucherry,39:04.9,Transport/Admin,Panchayat Headquarter,10.96221747,79.82494072
Pondicherry,Karaikal,karaikal,Kottucherry North W1,1388733,Veterinary  Hospital,kottucherry,29:48.2,Medical ,Veterinary Hospital,10.96769413,79.82487885
Pondicherry,Karaikal,karaikal,Kottucherry North W1,1388733,V. O. C Higher secondary  school,kottucherry,36:18.6,Education ,High School - General,10.96080383,79.82538597
Pondicherry,Karaikal,karaikal,Kottucherry North W1,1388733,State bank of india,kottucherry,39:39.0,Transport/Admin,Bank,10.96595273,79.82505108
Pondicherry,Karaikal,karaikal,Puthakudy ,1388783,ENPEE  International  pvt  school,Vadamattam,46:06.8,Education ,High School - General,10.96081725,79.80996842
Pondicherry,Karaikal,karaikal,Puthakudy ,1388783,Bus stop,Vadamattam  bus stop,42:49.3,Transport/Admin,Bus Stand,10.96598763,79.80198016
Pondicherry,Karaikal,karaikal,Puthakudy ,1388783,"Petrole bunk  ,Vadamattam",Vadamattam,44:45.1,Transport/Admin,Fuel Station,10.96246185,79.80862813
Pondicherry,Karaikal,karaikal,Puthakudy ,1388783,"Govt  Middle school, Vadamattam","Vadamattam,  puthakudy",40:53.6,Education ,High School - General,10.96715119,79.79855401
Pondicherry,Karaikal,karaikal,Puthakudy ,1388783,Govt primary school,puthakudy,43:23.7,Education ,High School - General,10.96939329,79.80245938
Pondicherry,Karaikal,karaikal,Puthakudy ,1388783,"Health  sub center,Vadamattam","Vadamattam, puthakudy",42:08.9,Medical ,Primary Health Centre,10.96715033,79.79855597
Pondicherry,Puducherry,Ariankuppam,Radhakrishnan Nagar,1388228,veterinary dispensary,Ariyankuppam,21:20.2,Medical ,Veterinary Hospital,11.89586,79.81207167
Pondicherry,Puducherry,Ariankuppam,Radhakrishnan Nagar,1388228,Grama panchayat office,Radhakrishnan nagar,24:31.6,Transport/Admin,Panchayat Headquarter,11.89528,79.81168667
Pondicherry,Puducherry,Ariankuppam,Eripakkam,1388295,Govt primary school,Eripakkam,01:37.2,Education ,High School - General,11.88112,79.63924833
Pondicherry,Puducherry,Ariankuppam,Eripakkam,1388295,milk collection centre,Eripakkam,00:35.6,Agro ,Collection Centre or Pack House,11.88037833,79.640485
Pondicherry,Puducherry,Villianur,Lingareddy Palayam,1388346,Indian oil bunk,sugar factory road,53:25.8,Transport/Admin,Fuel Station,12.02075762,79.70273257
Pondicherry,Puducherry,Villianur,Lingareddy Palayam,1388346,bus stop,LR palayam,51:50.2,Transport/Admin,Bus Stand,12.02046475,79.70263929
Pondicherry,Puducherry,Villianur,Lingareddy Palayam,1388346,LR palayam Cooperative sugar mill,LR palayam,54:43.3,Agro ,Sugar Mills,12.02342938,79.70301195
Pondicherry,Puducherry,Villianur,sorapet,1388360,Government High School,Sorapet,21:58.6,Education ,High School - General,11.95659149,79.65986849
Pondicherry,Puducherry,Villianur,sorapet,1388360,PSC bank,sorapet,20:50.1,Transport/Admin,Bank,11.95981743,79.66104325
Pondicherry,Puducherry,Villianur,sorapet,1388360,Primary Health Centre,Sorapet,23:01.5,Medical ,Primary Health Centre,11.9555582,79.66083535
Pondicherry,Puducherry,Villianur,Sedarapet,1388363,HP Petrol bunk,Mailam main road,29:29.8,Transport/Admin,Fuel Station,12.0020868,79.75942904
Pondicherry,Puducherry,Villianur,Sedarapet,1388363,Government Higher Secondary School,Sedarapet main road,28:33.1,Education ,Higher Secondary School,11.99126782,79.7521247
Pondicherry,Puducherry,Villianur,Sedarapet,1388363,Primary health centre,sedarpet main road,27:15.9,Medical ,Primary Health Centre,11.99049287,79.75148057
Pondicherry,Puducherry,Villianur,Keezh Agraharam,1388377,"Keezh Agraharam PACHI, LTD",keezh Agraharam,50:57.3,Transport/Admin,Bank,11.88867423,79.77099554
Pondicherry,Puducherry,Villianur,Keezh Agraharam,1388377,Govt. Middle school,Keezh Agraharam,48:13.7,Education ,High School - General,11.88892655,79.76824133
Pondicherry,Puducherry,Villianur,Keezh Agraharam,1388377,Indian Oil feul station,Keezh Agraharam,40:35.0,Transport/Admin,Fuel Station,11.88588075,79.7695654
Pondicherry,Karaikal,karaikal,Pandaravadai,1388746,Bus stop,pandaravadai Main Road,58:37.9,Transport/Admin,Bus Stand,10.99929634,79.75776215
Pondicherry,Karaikal,karaikal,Melaponbethy,1388777,Govt Middle school Ponbethy,Ponbethy,04:54.2,Education ,High School - General,10.97327891,79.7772474
Pondicherry,Karaikal,karaikal,Subbaiya Nagar,1389163,"Vetinary  Hospital, Neravy",Ongc  first salai,18:57.3,Medical ,Veterinary Hospital,10.89297232,79.8190426
Pondicherry,Puducherry,Ariankuppam,Ariankuppam East,1388226,Higher secondary school,Ariyankuppam,09:42.1,Education ,Higher Secondary School,11.89575963,79.80487291
Pondicherry,Puducherry,Ariankuppam,Ariankuppam East,1388226,Primary Health Centre,Ariyankuppam,10:54.2,Medical ,Primary Health Centre,11.89563097,79.80530449
Pondicherry,Puducherry,Ariankuppam,Narambai,1388276,Govt primary school,Narambai,40:11.5,Education ,High School - General,11.81304167,79.79924833
Pondicherry,Karaikal,karaikal,Oozhiapathu,1389147,Govt High school,Oziapathu,24:10.4,Education ,High School - General,10.9008418,79.7949475
Pondicherry,Karaikal,karaikal,Oozhiapathu,1389147,Bus stop near Bangalathottam,oziapathu Main road,02:59.7,Transport/Admin,Bus Stand,10.90388201,79.80629893
Pondicherry,Karaikal,karaikal,Oozhiapathu,1389147,Grama Panchayat Kezamanai,Oziapathu,26:17.4,Transport/Admin,Panchayat Headquarter,10.89959382,79.79450971
Pondicherry,Karaikal,karaikal,Oozhiapathu,1389147,Bus stop,Ooziapathu,27:19.5,Transport/Admin,Bus Stand,10.89114363,79.78515222
Pondicherry,Karaikal,karaikal,Oozhiapathu,1389147,Bus stop at Junction,ooziapathu,52:08.1,Transport/Admin,Bus Stand,10.899614,79.79861065
Pondicherry,Karaikal,karaikal,Kumaran Koil,1389162,Govt  Higher  secondary  school,Neravy,24:58.1,Education ,Higher Secondary School,10.89410695,79.81248451
Pondicherry,Karaikal,karaikal,Kumaran Koil,1389162,Kendria vidyalaya.   Neravy,Neravy,25:10.0,Education ,Higher Secondary School,10.8944363,79.81317553
Pondicherry,Puducherry,Ariankuppam,Melparickalpet,1388255,Thirukumaran agency,melparickalpet,17:23.3,Transport/Admin,Fuel Station,11.79578333,79.74990667
Pondicherry,Puducherry,Ariankuppam,Melparickalpet,1388255,AG Padmavathy college of nursing,melparickalpet,09:04.6,Education ,Degree College,11.79580833,79.74662833
Pondicherry,Puducherry,Ariankuppam,Maducarai  East,1388289,BALAR VIDYALAYA HIGH SCHOOL,Maducarai,22:06.9,Education ,High School - General,11.87126667,79.60551333
Pondicherry,Puducherry,Ariankuppam,Maducarai  East,1388289,Grama panchayat office,maducarai,17:29.3,Transport/Admin,Panchayat Headquarter,11.86838833,79.60831833
Pondicherry,Puducherry,Ariankuppam,Maducarai  East,1388289,VRamamurthy Govt high school,maducarai,22:54.7,Education ,High School - General,11.87072667,79.61511167
Pondicherry,Puducherry,Ariankuppam,Maducarai  East,1388289,Bharat Petroleum,Maducarai East,21:16.3,Transport/Admin,Fuel Station,11.87559667,79.60662
Pondicherry,Puducherry,Ariankuppam,Maducarai  East,1388289,Indian bank,maducarai,18:17.7,Transport/Admin,Bank,11.868735,79.60843333
Pondicherry,Puducherry,Villianur,Thirubuvanai Palayam,1388357,IOB bank,Thirubuvanai palayam,16:21.7,Transport/Admin,Bank,11.91843221,79.64870985
Pondicherry,Karaikal,karaikal,Panchatcharapuram,1388757,Puduvai  Bharathiyar  Grama  Bank,Nedungadu,31:32.2,Transport/Admin,Bank,10.97413085,79.77023539
Pondicherry,Karaikal,karaikal,Panchatcharapuram,1388757,Higher secondary school (Private),Nedungadu,11:14.3,Education ,High School - General,10.97522593,79.77151388
Pondicherry,Karaikal,karaikal,Panchatcharapuram,1388757,Rural  Development center,panchatcharapuram,08:24.8,Transport/Admin,Block Headquarter,10.97567848,79.77251275
Pondicherry,Karaikal,karaikal,Keezhavanjure,1389136,Govt primary school,Kezhavanjure,19:30.6,Education ,High School - General,10.83831683,79.83791513
Pondicherry,Karaikal,karaikal,Keezhavanjure,1389136,Bus stop  near  Petrol  bunk,kezhavanjore,10:32.1,Transport/Admin,Bus Stand,10.83782198,79.83267014
Pondicherry,Karaikal,karaikal,Keezhavanjure,1389136,Grama panchayat  office,keezhavanjure,20:57.6,Transport/Admin,Panchayat Headquarter,10.83372358,79.83942253
Pondicherry,Karaikal,karaikal,Keezhavanjure,1389136,IOC Petrol bunk,Keezhavanjore,10:57.1,Transport/Admin,Fuel Station,10.83777775,79.83263645
Pondicherry,Karaikal,karaikal,Keezhavanjure,1389136,Petrol  bunk  HP,Keezhavanjore,09:22.5,Transport/Admin,Fuel Station,10.84544892,79.83115765
Pondicherry,Karaikal,karaikal,Keezhavanjure,1389136,Vetinary  hospital Key  Unit,kezhavanjure,20:18.2,Medical ,Veterinary Hospital,10.83814399,79.83795262
Pondicherry,Karaikal,karaikal,Keezhavanjure,1389136,Petrol  bunk  IOC,Keezhavanjore,09:49.7,Transport/Admin,Fuel Station,10.84206596,79.83164443
Pondicherry,Puducherry,Ariankuppam,Pinnatchikuppam,1388263,Health sub centre,pinnatchikuppam,50:16.8,Medical ,Primary Health Centre,11.81438167,79.76165833
Pondicherry,Puducherry,Villianur,Mannadipet,1388331,krishna Engineering College,Mannadipeta,13:00.4,Education ,Degree College,11.98219047,79.62914697
Pondicherry,Puducherry,Villianur,Mannadipet,1388331,Puduvai bharatiyar grama bank,TV malai road,11:21.5,Transport/Admin,Bank,11.9826823,79.62463456
Pondicherry,Puducherry,Villianur,Mannadipet,1388331,community health centre,Mannadipet,12:02.0,Medical ,Community Health Centre,11.98357852,79.62118975
Pondicherry,Puducherry,Villianur,Mannadipet,1388331,veternary hospital,Mannadipet,14:04.7,Medical ,Veterinary Hospital,11.97616194,79.62747266
Pondicherry,Puducherry,Villianur,Poraiyur,1388399,Sri Lakshmi Narayana Institute of Medical sciences.,Vazhudavur road,15:28.6,Education ,Degree College,11.94011203,79.73764067
Pondicherry,Puducherry,Villianur,Poraiyur,1388399,Petrol bunk,ulaivaikkal road,10:32.9,Transport/Admin,Fuel Station,11.92886764,79.74375281
Pondicherry,Karaikal,karaikal,Mathalankudy,1388749,Govt primary school,Mathalangudy,13:00.7,Education ,High School - General,10.98921732,79.75654524
Pondicherry,Karaikal,karaikal,Thamanankudy,1389042,High school. (Private),"Sai  Ram  English  School  ,Thamanangudi",46:22.5,Education ,High School - General,10.95476925,79.73867834
Pondicherry,Karaikal,karaikal,Thamanankudy,1389042,High school. (Private ),Thamanangudi,47:47.5,Education ,High School - General,10.9513356,79.73810334
Pondicherry,Karaikal,karaikal,Thamanankudy,1389042,Danbosco pvt  college,Thamanangudi,48:17.4,Education ,Degree College,10.9513356,79.73810334
Pondicherry,Karaikal,karaikal,Banglathottam,1389149,Bus stop,Banglathottam,53:51.6,Transport/Admin,Bus Stand,10.90390499,79.8062816
Pondicherry,Puducherry,Ariankuppam,Irulanchandai,1388253,Govt primary school,Irulanchandai,08:20.0,Education ,High School - General,11.80026667,79.72935
Pondicherry,Puducherry,Ariankuppam,Kalamandabam ,1388304,milk collection centre,kalmandabam,39:34.7,Agro ,Collection Centre or Pack House,11.87068,79.64945167
Pondicherry,Puducherry,Ariankuppam,Kalamandabam ,1388304,Indian oil fuel station,kalmandabam,34:56.0,Transport/Admin,Fuel Station,11.87074833,79.64338833
Pondicherry,Puducherry,Ariankuppam,Kalamandabam ,1388304,Govt High school,kalmandabam,02:16.1,Education ,High School - General,11.870315,79.65414833
Pondicherry,Karaikal,karaikal,Kottagam ,1388772,Govt primary school  cbsc,kottagam,04:17.6,Education ,High School - General,10.98441835,79.78301379
Pondicherry,Karaikal,karaikal,Kottagam ,1388772,Bus stop,kottagam,03:53.7,Transport/Admin,Bus Stand,10.98365096,79.78214589
Pondicherry,Karaikal,karaikal,Ambethkar Nagar,1389023,Rural  Development  center,Nedungadu,26:05.8,Transport/Admin,Block Headquarter,10.96917679,79.77711284
Pondicherry,Karaikal,karaikal,Muppaithankudy,1389223,Govt primary  school,Muppaithankudy,00:39.5,Education ,High School - General,10.92130099,79.75576629
Pondicherry,Karaikal,karaikal,Muppaithankudy,1389223,Health  sub center Muppaithangudy,Muppaithangudy,11:21.3,Medical ,Primary Health Centre,10.921121,79.75457523
Pondicherry,Puducherry,Ariankuppam,Themmanayakkam palayam,1388244,Govt. middle school,T N Palayam,30:30.0,Education ,High School - General,11.84229333,79.771585
Pondicherry,Puducherry,Ariankuppam,Themmanayakkam palayam,1388244,Health sub centre,T N Palayam,31:48.0,Medical ,Primary Health Centre,11.84315333,79.76896833
Pondicherry,Puducherry,Ariankuppam,Themmanayakkam palayam,1388244,"Office of the junior enginer, PWD",T N Palayam,36:21.4,Transport/Admin,Block Headquarter,11.84451667,79.76664333
Pondicherry,Puducherry,Ariankuppam,Themmanayakkam palayam,1388244,KEY village unit,TN Palayam,34:13.9,Medical ,Veterinary Hospital,11.84343333,79.76925167
Pondicherry,Puducherry,Ariankuppam,Kanniakoil,1388279,Indian oil fuel station,kanniakoil,46:21.7,Transport/Admin,Fuel Station,11.79482833,79.77078833
Pondicherry,Puducherry,Ariankuppam,Kanniakoil,1388279,veterinary hospital,kanniakoil,46:51.7,Medical ,Veterinary Hospital,11.79551,79.77119
Pondicherry,Puducherry,Ariankuppam,Kanniakoil,1388279,State Bank of India,kanniakoil,47:47.8,Transport/Admin,Bank,11.79631167,79.77226167
Pondicherry,Puducherry,Ariankuppam,Kanniakoil,1388279,govt primary school,kanniakoil,51:28.9,Education ,Degree College,11.79913,79.774375
Pondicherry,Puducherry,Ariankuppam,Molapkkam,1388293,Govt middle school,molapakkam,16:00.7,Education ,High School - General,11.88127833,79.61794333
Pondicherry,Puducherry,Ariankuppam,Molapkkam,1388293,milk collection centre,molapakkam,16:42.8,Agro ,Collection Centre or Pack House,11.88126667,79.61823333
Pondicherry,Puducherry,Villianur,Sandaipudukuppam,1388344,Government High school,sandai pudukuppam,58:14.9,Education ,High School - General,12.02178579,79.68712971
Pondicherry,Puducherry,Villianur,Sandaipudukuppam,1388344,bus stop,sandaipudukuppam,59:24.4,Transport/Admin,Bus Stand,12.0203638,79.68632999
Pondicherry,Puducherry,Villianur,Sandaipudukuppam,1388344,veternary hospital,murugan koil street,00:07.2,Medical ,Veterinary Hospital,12.02012933,79.68604165
Pondicherry,Karaikal,karaikal,Annanagar,1388730,Govt  primary  school,"Anna nagar ,Kottuchery",31:14.5,Education ,High School - General,10.96558341,79.82777355
Pondicherry,Karaikal,karaikal,Vadakattalai,1389130,Govt  Primary school,TR pattinam  vadakattalai,19:33.2,Education ,High School - General,10.8792916,79.83743349
Pondicherry,Karaikal,karaikal,Vadakattalai,1389130,Grama  panchayat  Kezaiyur,TR pattinam Vadakattalai,19:48.8,Transport/Admin,Panchayat Headquarter,10.87880374,79.83745376
Pondicherry,Karaikal,karaikal,Pallivasal,1389165,Govt  High school. Neravy,King  Street  Neravy,17:54.1,Education ,High School - General,10.88982888,79.81793163
Pondicherry,Karaikal,karaikal,Pallivasal,1389165,Kamalia  High  school (Girls)  Aided.   Neravy,kamalia  street Neravy,17:10.5,Education ,High School - Girls,10.88967193,79.82029076
Pondicherry,Karaikal,karaikal,Seshamoolai Road,1389139,Indian  oil  Petrol  bunk  Vizhithiyur,Vizhthiyur,06:45.7,Transport/Admin,Fuel Station,10.90836167,79.77259755
Pondicherry,Karaikal,karaikal,Seshamoolai Road,1389139,Puduvai  Bharathiar  Grams  Bank,Vizhthiyur,48:19.4,Transport/Admin,Bank,10.90928526,79.7623706
Pondicherry,Karaikal,karaikal,Seshamoolai Road,1389139,Bus stop,Vizhithiyur,48:01.6,Transport/Admin,Bus Stand,10.9084323,79.76019063
Pondicherry,Karaikal,karaikal,Seshamoolai Road,1389139,Bus stop near  Petrol  Bunk,Main Road  Vizhithiyur,49:50.5,Transport/Admin,Bus Stand,10.90860144,79.77072353
Pondicherry,Karaikal,karaikal,Seshamoolai Road,1389139,primary  Health  center,Vizhithiyur,48:36.1,Medical ,Primary Health Centre,10.90911622,79.76535509
Pondicherry,Puducherry,Ariankuppam,Manamedu,1388249,Health and wellness centre,manamedu,17:10.9,Medical ,Primary Health Centre,11.810205,79.68489667
Pondicherry,Puducherry,Ariankuppam,Manamedu,1388249,Govt primary school,Manamedu,09:16.2,Education ,High School - General,11.81033667,79.68453333
Pondicherry,Puducherry,Ariankuppam,Pudukuppam,1388288,govt primary school,Pudukuppam,02:55.7,Education ,High School - General,11.78928833,79.788935
Pondicherry,Puducherry,Villianur,Kumarapalayam,1388342,HP petrol bunk,Thirukkanur main road,03:35.4,Transport/Admin,Fuel Station,11.9862603,79.68028195
Pondicherry,Puducherry,Villianur,Kumarapalayam,1388342,bus stop,Thirukkanur main road,02:41.1,Transport/Admin,Bus Stand,11.98699439,79.67978668
Pondicherry,Puducherry,Villianur,Thirubuvanai,1388356,Primary Health Centre,Thirubuvanai,33:34.3,Medical ,Primary Health Centre,11.92530563,79.64523584
Pondicherry,Puducherry,Villianur,Thirubuvanai,1388356,Indian Overseas Bank,Thirubuvanai,34:29.5,Transport/Admin,Bank,11.91814558,79.64866739
Pondicherry,Puducherry,Villianur,Thirubuvanai,1388356,High School,Thirubuvanai,34:54.6,Education ,High School - General,11.92739829,79.64318275
Pondicherry,Puducherry,Villianur,Thirubuvanai,1388356,Panchayat Head quarters,Thirubuvanai,32:59.0,Transport/Admin,Panchayat Headquarter,11.92738996,79.64313546
Pondicherry,Puducherry,Villianur,Ramanathapuram,1388367,Bedded Hospital,Ramanathapuram,32:29.2,Medical ,Bedded Hospital,11.95388464,79.71801749
Pondicherry,Puducherry,Villianur,Manakuppam,1388381,Indtan oil Fuel station,manakuppam,11:04.3,Transport/Admin,Fuel Station,11.86766258,79.69841507
Pondicherry,Puducherry,Villianur,Manakuppam,1388381,Indian Oil Petrol Bunk,Manakuppam,14:31.9,Transport/Admin,Fuel Station,11.86786905,79.69848102
Pondicherry,Puducherry,Villianur,Manakuppam,1388381,Govt. primary school,manakuppam,14:34.0,Education ,High School - General,11.86515594,79.69698459
Pondicherry,Karaikal,karaikal,Keezha Annavasal,1389035,Bus stop,Keza  Annavasal,33:38.1,Transport/Admin,Bus Stand,10.97439049,79.76269533
Pondicherry,Karaikal,karaikal,Sorakudy,1389049,Bus stop  sorakudy,sorakudy,08:27.1,Transport/Admin,Bus Stand,10.94115075,79.77984001
Pondicherry,Karaikal,karaikal,Sorakudy,1389049,Govt  Middle school,Sorakudy,08:47.9,Education ,High School - General,10.94110993,79.77978621
Pondicherry,Karaikal,karaikal,Sorakudy,1389049,Govt Middle school,Sorakudy,07:03.1,Education ,High School - General,10.9390726,79.78026013
Pondicherry,Karaikal,karaikal,Sorakudy,1389049,Govt  Agriculture  college  PAJANCOA,Sorakudy,03:49.3,Education ,Degree College,10.95055839,79.77801456
Pondicherry,Karaikal,karaikal,Manampet,1389142,Govt. Primary school,Manampet,25:13.9,Education ,High School - General,10.89354549,79.76232368
Pondicherry,Karaikal,karaikal,Manampet,1389142,Health  Sub center,Manampet,24:35.4,Medical ,Primary Health Centre,10.89362693,79.76230213
Pondicherry,Karaikal,karaikal,Perumal Koil,1389160,Pvt  primary  English school,Neravy,24:25.1,Education ,High School - General,10.89367183,79.810946
Pondicherry,Karaikal,karaikal,Perumal Koil,1389160,Bus Stop,Perumal  koil  street Neravy,24:36.8,Transport/Admin,Bus Stand,10.89350714,79.81023684
Pondicherry,Puducherry,Ariankuppam,Kuruvinatham,1388251,Indian Bank,kuruvinatham,07:08.4,Transport/Admin,Bank,11.795255,79.73608333
Pondicherry,Puducherry,Ariankuppam,Kuruvinatham,1388251,Govt High school,kuruvinatham,05:15.2,Education ,High School - General,11.79361667,79.73095167
Pondicherry,Puducherry,Ariankuppam,Kuruvinatham,1388251,Health and wellness centre,kuruvinatham,02:28.6,Medical ,Primary Health Centre,11.79297,79.73136833
Pondicherry,Puducherry,Ariankuppam,Kuruvinatham,1388251,Grama panchayat office,kuruvinatham,04:18.4,Transport/Admin,Panchayat Headquarter,11.79327833,79.73093167
Pondicherry,Puducherry,Ariankuppam,Kuruvinatham,1388251,milk collection centre,kuruvinatham,06:02.9,Agro ,Collection Centre or Pack House,11.79377,79.73205167
Pondicherry,Puducherry,Villianur,Madagadipet Palayam,1388353,Government High School,Madagadipet Palayam,33:04.4,Education ,High School - General,11.91421055,79.64740201
Pondicherry,Karaikal,karaikal,MelaAnnavasal,1389038,Bus stop,Annavasal,32:41.0,Transport/Admin,Bus Stand,10.97429934,79.75817417
Pondicherry,Karaikal,karaikal,Nadutheru,1389140,Milk producer sangam,Main road  Vizhithiyur,21:33.2,Agro ,Collection Centre or Pack House,10.90874911,79.76648666
Pondicherry,Karaikal,karaikal,Nadutheru,1389140,Rural  Development  center,Vizhithiyur,23:18.1,Transport/Admin,Block Headquarter,10.90808299,79.76589768
Pondicherry,Karaikal,karaikal,Nadutheru,1389140,Govt primary school,Vizhthiyur,24:11.8,Education ,High School - General,10.90653897,79.76626233
Pondicherry,Karaikal,karaikal,Nadutheru,1389140,Bus stop,Main road  Vizhithiyur,22:40.1,Transport/Admin,Bus Stand,10.9087727,79.76642698
Pondicherry,Karaikal,karaikal,Nadutheru,1389140,Govt  High school,Main  Road  Vizhithiyur,07:07.8,Education ,High School - General,10.90693544,79.78607368
Pondicherry,Karaikal,karaikal,Nadutheru,1389140,Vetinary  Hospital,Main road  Vizhithiyur,20:34.0,Medical ,Veterinary Hospital,10.90879241,79.76654619
Pondicherry,Karaikal,karaikal,Thennankudy,1389221,Bus stop,Thennankudy,00:01.8,Transport/Admin,Bus Stand,10.92863902,79.76054631
Pondicherry,Karaikal,karaikal,Thennankudy,1389221,Vertenary  Hospital,Thennankudy,59:40.7,Medical ,Veterinary Hospital,10.92892079,79.76055062
Pondicherry,Puducherry,Ariankuppam,Seliamedu ,1388261,milk collection centre,seliamedu,59:19.9,Agro ,Collection Centre or Pack House,11.82429833,79.75181
Pondicherry,Puducherry,Ariankuppam,Seliamedu ,1388261,veterinary hospital,seliamedu,42:51.9,Medical ,Veterinary Hospital,11.82772833,79.75192333
Pondicherry,Puducherry,Ariankuppam,Seliamedu ,1388261,Health sub centre,seliamedu,01:18.8,Medical ,Primary Health Centre,11.82305833,79.75187667
Pondicherry,Puducherry,Ariankuppam,Seliamedu ,1388261,Govt. High school,seliamedu,57:57.4,Education ,High School - General,11.824225,79.75165667
Pondicherry,Puducherry,Ariankuppam,Seliamedu ,1388261,Indian bank,seliamedu,00:17.4,Transport/Admin,Bank,11.82324167,79.751995
Pondicherry,Puducherry,Ariankuppam,Kudiyirupupalayam ,1388262,Govt. primary school,kudiyirupupalayam,45:21.6,Education ,High School - General,11.82013333,79.75126667
Pondicherry,Puducherry,Villianur,Vinayagampet,1388361,Bus stop,vinayagampet,24:44.3,Transport/Admin,Bus Stand,11.95565837,79.68056328
Pondicherry,Puducherry,Villianur,Vinayagampet,1388361,Essar bunk,vinayagampet,23:32.2,Transport/Admin,Fuel Station,11.9567106,79.67582072
Pondicherry,Karaikal,karaikal,Ponnagar Colony,1388761,Govt primary school  cbsc,Nedungadu  Main Road,07:09.9,Education ,High School - General,10.97422801,79.76891386
Pondicherry,Karaikal,karaikal,Valathamangalam,1389048,Govt primary school,Valathamangalam,56:15.1,Education ,High School - General,10.94865093,79.75593018
Pondicherry,Karaikal,karaikal,Thoothuponamoolai,1389148,Govt  primary  school  cbsc,Thoothuponamolai,26:46.1,Education ,High School - General,10.89114269,79.7851631
Pondicherry,Karaikal,karaikal,Thirunallar,1389092,Bus stop  near veteniery  Hospital,Thirunallar,57:51.7,Transport/Admin,Bus Stand,10.92633979,79.78796586
Pondicherry,Karaikal,karaikal,Thirunallar,1389092,Govt primary school  Subarayapuram,Subarayapuram,11:39.3,Education ,High School - General,10.93744216,79.79296418
Pondicherry,Karaikal,karaikal,Thirunallar,1389092,Govt Middle school  Neyvatchery,Thirunallar,52:51.6,Education ,High School - General,10.92374091,79.79573941
Pondicherry,Karaikal,karaikal,Thirunallar,1389092,Commune  Panchayat office,Thirunallar,56:45.4,Transport/Admin,Panchayat Headquarter,10.92625737,79.78859425
Pondicherry,Karaikal,karaikal,Thirunallar,1389092,Bank of India,Thirunallar,55:27.9,Transport/Admin,Bank,10.92670646,79.79335867
Pondicherry,Karaikal,karaikal,Thirunallar,1389092,HP  petrol  Bunk,Thirunallar  near Bus stand,52:06.0,Transport/Admin,Fuel Station,10.92640275,79.79844721
Pondicherry,Karaikal,karaikal,Mela Athipadugai,1389117,Milk  producer  sangam,Athipadugai,52:18.4,Agro ,Collection Centre or Pack House,10.90632953,79.79476473
Pondicherry,Karaikal,karaikal,Mela Athipadugai,1389117,Govt primary school,Athipadugai,52:08.0,Education ,High School - General,10.90523916,79.79700222
Pondicherry,Karaikal,karaikal,Padutharkollai,1389171,Govt primary school,padutharkolai,07:39.3,Education ,High School - General,10.8783263,79.80769157
Pondicherry,Puducherry,Ariankuppam,Pannithittu,1388269,Govt High school,Panithittu,40:42.9,Education ,High School - General,11.82998833,79.80276833
Pondicherry,Puducherry,Ariankuppam,Pandasollanallur,1388303,veterinary hospital,pandasollanallur,13:05.9,Medical ,Veterinary Hospital,11.85895667,79.644685
Pondicherry,Puducherry,Ariankuppam,Pandasollanallur,1388303,milk collection centre,pandasollanallur,13:59.0,Agro ,Collection Centre or Pack House,11.85825167,79.64375333
Pondicherry,Puducherry,Ariankuppam,Pandasollanallur,1388303,Govt middle school,pandasollanallur,15:06.0,Education ,High School - General,11.85802167,79.644015
Pondicherry,Puducherry,Ariankuppam,Pandasollanallur,1388303,Grama panchayat office,pandasollanallur,11:26.7,Transport/Admin,Panchayat Headquarter,11.86001667,79.64451833
Pondicherry,Puducherry,Ariankuppam,Pandasollanallur,1388303,Health and wellness centre,pandasollanallur,12:12.9,Medical ,Primary Health Centre,11.859475,79.644565
Pondicherry,Puducherry,Ariankuppam,Pandasollanallur,1388303,Govt primary school,pandasollanallur,18:53.5,Education ,High School - General,11.85674833,79.64493333
Pondicherry,Puducherry,Villianur,Koodapakkam,1388369,Primary health centre,koodapakkam,34:34.7,Medical ,Primary Health Centre,11.93486007,79.73354066
Pondicherry,Puducherry,Villianur,Koodapakkam,1388369,Government higher secondary school,near koneri kuppam road,35:41.1,Education ,Higher Secondary School,11.93243124,79.73004284
Pondicherry,Puducherry,Villianur,Koodapakkam,1388369,Indianoil petrol bunk,pathukannu junction road,33:25.0,Transport/Admin,Fuel Station,11.94271048,79.72645676
Pondicherry,Puducherry,Villianur,Agaram,1388403,Bus Stop,kudapakkam road,10:01.6,Transport/Admin,Bus Stand,11.93146012,79.73784211
Pondicherry,Karaikal,karaikal,Rayanpalayam,1388703,Karaikal   Govt polytechnic,"Main road  , varichikudy",23:35.8,Education ,Higher Secondary School,10.97670162,79.82458321
Pondicherry,Karaikal,karaikal,Rayanpalayam,1388703,Govt primary school,Rayanpalayam,24:07.6,Education ,High School - General,10.97364964,79.82104338
Pondicherry,Karaikal,karaikal,Rayanpalayam,1388703,Navodaya  vidyalaya,"Rayanpalayam, Varichikudy",23:53.8,Education ,Higher Secondary School,10.971718,79.82477352
Pondicherry,Karaikal,karaikal,Rayanpalayam,1388703,Health  sub center,Rayanpalayam,24:46.6,Medical ,Primary Health Centre,10.97404911,79.82057455
Pondicherry,Karaikal,karaikal,Pandaravadai Sethur,1389103,Govt primary  school  cbsc,sethur  pandaravadai,58:10.2,Education ,High School - General,10.93068577,79.74380329
Pondicherry,Puducherry,Ariankuppam,Manavely,1388233,Govt girls higher secondary school,manavely,00:26.2,Education ,Higher Secondary School,11.892145,79.80976167
Pondicherry,Puducherry,Ariankuppam,Manavely,1388233,Govt primary school,Manavely,56:26.2,Education ,High School - General,11.89072333,79.80962667
Pondicherry,Puducherry,Ariankuppam,Edayarpalayam,1388240,Govt primary school,Edayarpalayam,00:59.9,Education ,High School - General,11.870065,79.79866667
Pondicherry,Puducherry,Ariankuppam,Maducarai  West,1388290,Primary Health Centre,Madukarai,27:25.1,Medical ,Primary Health Centre,11.87069333,79.60542667
Pondicherry,Puducherry,Ariankuppam,Maducarai  West,1388290,Bus Stand,Manthavel Madukarai,22:16.9,Transport/Admin,Bus Stand,11.86948,79.60605
Pondicherry,Puducherry,Ariankuppam,Maducarai  West,1388290,"Govt. Primary School, English Medium (CBSC syllabus)",Madukarai,28:39.2,Education ,High School - General,11.87016333,79.60577667
Pondicherry,Puducherry,Ariankuppam,Maducarai  West,1388290,Govt. Girls Higher Secondary School,Madukarai,24:57.6,Education ,Higher Secondary School,11.87005,79.60556667
Pondicherry,Puducherry,Ariankuppam,Maducarai  West,1388290,PBGB Bank,Madukarai,18:59.7,Transport/Admin,Bank,11.86891833,79.605725
Pondicherry,Puducherry,Ariankuppam,Maducarai  West,1388290,Idian oil fuel station,maducarai,20:27.8,Transport/Admin,Fuel Station,11.87276833,79.60208
Pondicherry,Puducherry,Ariankuppam,Maducarai  West,1388290,EVERGREEN ENGLISH HIGH SCHOOL,Maducarai,19:46.6,Education ,High School - General,11.87120167,79.60531
Pondicherry,Puducherry,Villianur,Sulthanpet,1388390,Indian Bank,Sulthanpet,11:01.8,Transport/Admin,Bank,11.92411547,79.76080055
Pondicherry,Puducherry,Villianur,Sulthanpet,1388390,kanniamigu quaide milleth government higher secondary school,sulthanpet,12:06.2,Education ,Higher Secondary School,11.92058716,79.76069662
Pondicherry,Puducherry,Villianur,Odiampet East,1388397,SRI SANKARA VIDHYASHRAMAM HIGHER SECONDERY SCHOOL,Odiampet,37:09.1,Education ,Higher Secondary School,11.89819587,79.76690314
Pondicherry,Puducherry,Villianur,Odiampet East,1388397,Govt Primary school,Odiampet,37:20.7,Education ,High School - General,11.90701378,79.77562761
Pondicherry,Karaikal,karaikal,Kannapore,1389040,Govt  Primary school,Kannapore,45:18.7,Education ,High School - General,10.96143287,79.74232692
Pondicherry,Karaikal,karaikal,Nallathur,1388745,govt primary school,Nallathur,03:51.6,Education ,High School - General,10.9260719,79.8381016
Pondicherry,Karaikal,karaikal,Nallathur,1388745,IOC Petrol  bunk,Nallathur,57:44.5,Transport/Admin,Fuel Station,11.00013201,79.7529036
Pondicherry,Karaikal,karaikal,Karukkankudy,1389046,Andavar High school (Private),Karukankudi,58:14.4,Education ,High School - General,10.94408703,79.7729902
Pondicherry,Karaikal,karaikal,Karukkankudy,1389046,Govt  Middle school,Karukankudi,56:52.8,Education ,High School - General,10.94878431,79.75574047
Pondicherry,Karaikal,karaikal,Karukkankudy,1389046,Health  sub center,Karukkankudi,57:16.9,Medical ,Primary Health Centre,10.94555682,79.77293414
Pondicherry,Karaikal,karaikal,Kakamozhy,1389145,Govt Primary  school,Kakamozhy,28:36.3,Education ,High School - General,10.89411884,79.79916166
Pondicherry,Karaikal,karaikal,Kakamozhy,1389145,Bus stop,Kakamozhi,27:56.5,Transport/Admin,Bus Stand,10.89484939,79.80042902
Pondicherry,Karaikal,karaikal,T.R.Pattinam Central,1389124,Bus stop,TR Pattinam,24:04.1,Transport/Admin,Bus Stand,10.87481856,79.83256516
Pondicherry,Karaikal,karaikal,T.R.Pattinam Central,1389124,PSCB Bank,Tr pattinam,23:50.0,Transport/Admin,Bank,10.87476898,79.83260715
Pondicherry,Karaikal,karaikal,T.R.Pattinam Central,1389124,IOB Bank,TR Pattinam,23:36.3,Transport/Admin,Bank,10.87322624,79.83263437
Pondicherry,Karaikal,karaikal,T.R.Pattinam Central,1389124,Co operative  agro  credit  society,TR  pattinam,23:06.9,Agro ,Collection Centre or Pack House,10.87298334,79.83490527
Pondicherry,Karaikal,karaikal,T.R.Pattinam Central,1389124,Govt Primary school  Melaiyur,Melaiyur   T R pattinam,06:08.6,Education ,High School - General,10.87229634,79.82539448
Pondicherry,Karaikal,karaikal,Vadakkuvanjure,1389135,Govt primary school KV Kuppam,Vadakkuu  vanjure,22:11.2,Education ,High School - General,10.85181282,79.84459298
Pondicherry,Karaikal,karaikal,Vadakkuvanjure,1389135,Health  sub  center,Vadakku vanjore,22:24.4,Medical ,Primary Health Centre,10.85153729,79.84559605
Pondicherry,Puducherry,Ariankuppam,Aranganur ,1388266,milk collection centre,Aranganur,41:08.9,Agro ,Collection Centre or Pack House,11.83141167,79.749945
Pondicherry,Puducherry,Ariankuppam,Aranganur ,1388266,Govt.Primary school,Aranganur,40:08.7,Education ,High School - General,11.83139333,79.75002167
Pondicherry,Puducherry,Ariankuppam,Aranganur ,1388266,Health sub centre,Aranganur,54:43.8,Medical ,Primary Health Centre,11.831855,79.74987167
Pondicherry,Puducherry,Ariankuppam,Aranganur ,1388266,ESSAR Fuel station,Aranganur,45:50.9,Transport/Admin,Fuel Station,11.83217667,79.74982667
Pondicherry,Puducherry,Ariankuppam,Aranganur ,1388266,ESSAR Fuel bunk,Aranganur,31:15.9,Transport/Admin,Fuel Station,11.83217667,79.74982667
Pondicherry,Puducherry,Villianur,Karasur,1388364,Indian oil Petrol bunk,sedarapet main road,30:29.4,Transport/Admin,Fuel Station,11.98621846,79.73634535
Pondicherry,Puducherry,Villianur,Kurumbapet,1388389,Bus stop,vazudhavur road,09:23.3,Transport/Admin,Bus Stand,11.93999995,79.7707098
Pondicherry,Puducherry,Villianur,Kurumbapet,1388389,Degree college,vazudhavur road,17:34.9,Education ,Degree College,11.94089766,79.767513
Pondicherry,Puducherry,Villianur,Kurumbapet,1388389,Bank of Baroda,vazhudavur road,16:21.8,Transport/Admin,Bank,11.94126447,79.76532536
Pondicherry,Karaikal,karaikal,Arulapillai street,1388734,Ruler development  center,kottucherry west,27:16.5,Transport/Admin,Block Headquarter,10.96967161,79.82173026
Pondicherry,Karaikal,karaikal,Manalmedu,1389027,Bus stop,opp  to SR spinning  Mill,31:13.2,Transport/Admin,Bus Stand,10.96308169,79.77356669
Pondicherry,Karaikal,karaikal,Kaliyamman koil,1389159,Kirama  panchayat  office,Neravy  west,24:47.5,Transport/Admin,Panchayat Headquarter,10.89265035,79.80685577
Pondicherry,Karaikal,karaikal,South Pet,1389168,Nearvy  Co operative credit  society,Kamarajajar  salai. Neravy,16:03.9,Agro ,Collection Centre or Pack House,10.88949262,79.82439773
Pondicherry,Karaikal,karaikal,South Pet,1389168,Kirama  panchayat  office,Nearavy,15:12.5,Transport/Admin,Panchayat Headquarter,10.93990042,79.82994063
Pondicherry,Karaikal,karaikal,Madhur ,1389227,Govt  seed  unit,Madur,01:15.1,Agro ,Collection Centre or Pack House,10.92291044,79.7530855
Pondicherry,Puducherry,Ariankuppam,Kaduvanur,1388250,Govt primary school,kaduvanur,25:52.9,Education ,High School - General,11.81558333,79.69722
Pondicherry,Puducherry,Ariankuppam,Pillayarkuppam,1388273,Health and wellness centre,Pillayarkuppam,38:00.8,Medical ,Primary Health Centre,11.815655,79.79287167
Pondicherry,Puducherry,Ariankuppam,Pillayarkuppam,1388273,Maghatma gandhi medical College,pillayarkuppam,28:43.7,Education ,Degree College,11.81264,79.77935333
Pondicherry,Puducherry,Ariankuppam,Pillayarkuppam,1388273,Govt primary school,pillayarkuppam,39:36.9,Education ,High School - General,11.81263,79.791655
Pondicherry,Puducherry,Ariankuppam,Kattukupam,1388280,govt primary school,kattukuppam,28:08.3,Education ,High School - General,11.80682333,79.77979667
Pondicherry,Puducherry,Villianur,Uruvaiyar,1388373,Government Veternary Hospital,"Mangalam main road, Uruvaiyar",23:30.3,Medical ,Veterinary Hospital,11.8910083,79.75154124
Pondicherry,Puducherry,Villianur,Uruvaiyar,1388373,Indian oil petrol bunk,"villianur road, uruviauar",25:19.4,Transport/Admin,Fuel Station,11.89990328,79.75233686
Pondicherry,Puducherry,Villianur,Uruvaiyar,1388373,Puduvai Bharathiar grama bank,"mangalam main road, uruvaiyar",24:25.3,Transport/Admin,Bank,11.890602,79.75275975
Pondicherry,Karaikal,karaikal,Rajiv Nagar,1388750,Village panchayat  office,Kurumbagaram,59:02.8,Transport/Admin,Panchayat Headquarter,10.98746519,79.7667107
Pondicherry,Karaikal,karaikal,Nallambal,1389043,Primary  Health  centre,Nallambal,51:16.9,Medical ,Primary Health Centre,10.94665969,79.7382623
Pondicherry,Karaikal,karaikal,Nallambal,1389043,Govt Middle school,Nallambal,55:34.1,Education ,High School - General,10.94810717,79.74077033
Pondicherry,Karaikal,karaikal,Serumavilangai,1389050,Govt primary school,Serumavilangai,02:30.8,Education ,High School - General,10.95817475,79.77476029
Pondicherry,Karaikal,karaikal,Serumavilangai,1389050,Govt Engineering  college,serumavilangai,03:18.8,Education ,Degree College,10.95236832,79.77710474
Pondicherry,Karaikal,karaikal,Serumavilangai,1389050,Indian  Bank,PKIT Campus  Serumavilangai,02:48.4,Transport/Admin,Bank,10.95316045,79.77659402
Pondicherry,Puducherry,Ariankuppam,Andiyarpalayam,1388236,Health and wellness centre,Andiyarpalayam,26:59.4,Medical ,Primary Health Centre,11.85736833,79.80169333
Pondicherry,Puducherry,Ariankuppam,Andiyarpalayam,1388236,Govt primary school,Andiyarpalayam,27:53.1,Education ,High School - General,11.857125,79.80228667
Pondicherry,Puducherry,Ariankuppam,Andiyarpalayam,1388236,milk collection centre,Andiyarpalayam,31:55.7,Agro ,Collection Centre or Pack House,11.85713167,79.80284833
Pondicherry,Puducherry,Ariankuppam,Moorthikuppam,1388287,Govt Smart primary school,moorthikuppam,08:16.5,Education ,High School - General,11.79103667,79.78800333
Pondicherry,Puducherry,Ariankuppam,Moorthikuppam,1388287,health and wellness centre,moorthikuppam,12:37.8,Medical ,Primary Health Centre,11.79085167,79.78802667
Pondicherry,Puducherry,Villianur,Kodathur,1388338,Government High school,kodathur,04:50.1,Education ,High School - General,11.99272869,79.66546254
Pondicherry,Puducherry,Villianur,Pillaiyarkuppam,1388368,Government high school,Pillayarkuppam,30:24.1,Education ,High School - General,11.95809945,79.7046516
Pondicherry,Puducherry,Villianur,Pillaiyarkuppam,1388368,Bharat petroleum,Pillaiyarkuppam,31:20.7,Transport/Admin,Fuel Station,11.96591275,79.70433595
Pondicherry,Puducherry,Villianur,Ariyur,1388385,sri venkateshwaraa medical college and research centre,High way road,13:35.7,Education ,Degree College,11.9070666,79.7030236
Pondicherry,Puducherry,Villianur,Ariyur,1388385,Primary health centre,"villupuram main road, Ariyur",16:29.0,Medical ,Primary Health Centre,11.90679578,79.70336457
Pondicherry,Puducherry,Villianur,Ariyur,1388385,Indian Bank,"villupuram main road, Ariyur",17:36.6,Transport/Admin,Bank,11.90782972,79.70087054
Pondicherry,Puducherry,Villianur,Ariyur,1388385,Government higher secondary school,villupuram main road,18:11.4,Education ,Higher Secondary School,11.90827393,79.70054338
Pondicherry,Puducherry,Villianur,Ariyur,1388385,New Horizon Sugar Mills,Highway road,39:28.2,Agro ,Sugar Mills,11.90927063,79.69842943
Pondicherry,Karaikal,karaikal,Kottucherrymedu,1388738,Vinayaka  mission  Medical  college,kottuchery  Medu,34:14.8,Medical ,Bedded Hospital,10.96091444,79.8431568
Pondicherry,Karaikal,karaikal,Kottucherrymedu,1388738,sub  center,kottucherry Medu,32:51.3,Medical ,Primary Health Centre,10.96073156,79.85170535
Pondicherry,Karaikal,karaikal,Kottucherrymedu,1388738,Govt  Smart  primary  School,kottucherry  Medu,32:22.5,Education ,High School - General,10.96081251,79.85161893
Pondicherry,Karaikal,karaikal,Kurumbagaram West,1388755,Pvt  Higher  secondary  school,Nedungadu,11:55.5,Education ,High School - General,10.97529946,79.76928197
Pondicherry,Karaikal,karaikal,Kurumbagaram West,1388755,Govt Veterinary  Hospital,Kurumbagaram,12:14.9,Medical ,Veterinary Hospital,10.97941556,79.76858364
Pondicherry,Karaikal,karaikal,T.R.Pattinam South,1389127,Bus stop Mudaliar  Theru,TR Pattinam,26:20.9,Transport/Admin,Bus Stand,10.8692079,79.8301064
Pondicherry,Karaikal,karaikal,T.R.Pattinam South,1389127,ITI for Men,TR Pattinam,05:29.7,Education ,ITI,10.86837065,79.82573765
Pondicherry,Karaikal,karaikal,T.R.Pattinam South,1389127,Primary  health centre,TR pattinam,26:02.0,Medical ,Primary Health Centre,10.86834666,79.82999516
Pondicherry,Karaikal,karaikal,Edatheru,1389132,Govt primary school,Edatheru. Kezaiyur  south,21:55.5,Education ,High School - General,10.86544633,79.83730853
Pondicherry,Karaikal,karaikal,Edatheru,1389132,Grama  panchayat  office,Edatheru  T R pattinam,21:36.4,Transport/Admin,Panchayat Headquarter,10.8680187,79.83798556
Pondicherry,Karaikal,karaikal,Pillayar Koil,1389161,Bus  stop,SivanKoil  south street,23:36.1,Transport/Admin,Bus Stand,10.89319646,79.81235862
Pondicherry,Karaikal,karaikal,Pillayar Koil,1389161,primary  Health center  Neravy,Neravy,24:10.3,Medical ,Primary Health Centre,10.89319809,79.811743
Pondicherry,Karaikal,karaikal,Pillayar Koil,1389161,Neravy commune  panchayat office,pillaiyar koil street  Neravy,23:21.2,Transport/Admin,Panchayat Headquarter,10.89313534,79.81298091
Pondicherry,Karaikal,karaikal,Pillayar Koil,1389161,"Govt  Middle  School ,Neravy",Pillaiyarkoil street.  Neravy,22:52.5,Education ,High School - General,10.89275598,79.81573216
Pondicherry,Karaikal,karaikal,Classpet,1389166,Indian Bank,Kezaraja Veethi.    Neravy,16:22.7,Transport/Admin,Bank,10.88995713,79.82146729
Pondicherry,Karaikal,karaikal,Classpet,1389166,Bus  stop.,Ongc  First  salai,20:05.0,Transport/Admin,Bus Stand,10.89297951,79.81898416
Pondicherry,Karaikal,karaikal,Pathakudy,1389045,Govt primary school,pathakudy,02:10.5,Education ,High School - General,10.95407511,79.76419316
Pondicherry,Karaikal,karaikal,Agalancannu,1389113,Bright  Academy  Pvt  High  school,Agalangannu,01:37.1,Education ,High School - General,10.91864884,79.77020737
Pondicherry,Karaikal,karaikal,Agalancannu,1389113,Govt primary school,Agalangannu,01:56.4,Education ,High School - General,10.91332673,79.76742841
Pondicherry,Karaikal,karaikal,Thiruvasal kollai,1389164,Bus stop,King  Street,20:37.5,Transport/Admin,Bus Stand,10.8901397,79.81671686
Pondicherry,Puducherry,Villianur,Thiruvandar Koil,1388358,FCI Godowns,Thiruvandar koil,38:55.4,Agro ,Warehouse,11.91799362,79.65822786
Pondicherry,Puducherry,Villianur,Thiruvandar Koil,1388358,SBI Bank,Highway road,37:19.3,Transport/Admin,Bank,11.91822486,79.66030329
Pondicherry,Puducherry,Villianur,Thiruvandar Koil,1388358,Government Higher Secondary School,Thiruvandar koil,38:18.1,Education ,Higher Secondary School,11.91797088,79.65898029
Pondicherry,Puducherry,Villianur,Thuthipet,1388365,"P R Agencies,Bharat Petroleum",sedarapet main road,26:09.4,Transport/Admin,Fuel Station,11.97951408,79.72388218
Pondicherry,Karaikal,karaikal,Panchatcharapuram pet,1388758,Pvt  Higher  secondary  school,Nedungadu,09:39.6,Education ,High School - General,10.97687066,79.77221668
Pondicherry,Karaikal,karaikal,Thenur,1389051,Bus stop  near  sub  register  office  Thenur,Thenur  Bye  Pass  road  corner,10:23.3,Transport/Admin,Bus Stand,10.92972433,79.78440906
Pondicherry,Karaikal,karaikal,Thenur,1389051,Taluk  office,Thirunallar,09:35.0,Transport/Admin,Block Headquarter,10.9300866,79.78359451
Pondicherry,Karaikal,karaikal,Thenur,1389051,Community Health  centre,Thirunallar,09:13.0,Medical ,Community Health Centre,10.9308532,79.78356975
Pondicherry,Karaikal,karaikal,Thenur,1389051,Office of  The sub  Register,Thirunallar,09:50.7,Transport/Admin,Block Headquarter,10.92977008,79.78421954
Pondicherry,Karaikal,karaikal,Thenur,1389051,Govt Higher secondary school,"Thenur, Thirunallar",07:41.0,Education ,Higher Secondary School,10.93412816,79.78258722
Pondicherry,Puducherry,Ariankuppam,Nallavadu,1388242,health and wellness centre,nallavadu,47:12.6,Medical ,Primary Health Centre,11.85648333,79.81295667
Pondicherry,Puducherry,Ariankuppam,Nallavadu,1388242,govt middle school,nallavadu,49:27.3,Education ,Degree College,11.85640833,79.81308667
Pondicherry,Puducherry,Ariankuppam,Bahour West,1388260,milk cooler centre,Bahour,06:24.4,Agro ,Cold Storage,11.80636167,79.74419667
Pondicherry,Puducherry,Ariankuppam,Bahour West,1388260,Govt middle school,Bahour,06:55.6,Education ,High School - General,11.80649833,79.74398
Pondicherry,Puducherry,Ariankuppam,Bahour West,1388260,PSC bank,Bahour,05:32.2,Transport/Admin,Bank,11.806185,79.74437
Pondicherry,Puducherry,Villianur,Mangalam,1388378,Essar Petrol Bunk,"Main road, Mangalam",22:11.9,Transport/Admin,Fuel Station,11.89243333,79.74221687
Pondicherry,Puducherry,Villianur,Mangalam,1388378,Government High School,"Mariamman koil street, Mangalam",21:07.1,Education ,High School - General,11.89366359,79.73583475
Pondicherry,Puducherry,Villianur,Odiampet West,1388396,IDEAL HIGHER SECONDARY SCHOOL,"Viillianour, Odiampet",48:21.7,Education ,Higher Secondary School,11.90970092,79.7666296
Pondicherry,Puducherry,Villianur,Odiampet West,1388396,Bharat Petroleum,"Uthiravaginipet, Odiampet",49:57.3,Transport/Admin,Fuel Station,11.90906974,79.76907445
Pondicherry,Puducherry,Villianur,Odiampet West,1388396,Govt Veterinary Hospital,"villianour, Kanuvapet",59:16.6,Medical ,Veterinary Hospital,11.91007057,79.76311569
Pondicherry,Karaikal,karaikal,Akkampettai,1388728,RVS college,Akkampettai,01:00.0,Education ,Degree College,10.97708657,79.85191294
Pondicherry,Karaikal,karaikal,Akkampettai,1388728,Bus stop,Akkampettai,00:43.4,Transport/Admin,Bus Stand,10.9701648,79.85241485
Pondicherry,Karaikal,karaikal,Keezhaponbethy,1388778,Grama  panchayat  Ponbethy,"Ponbethy  ,Nedungadu",36:39.1,Transport/Admin,Panchayat Headquarter,10.97306902,79.7811744
Pondicherry,Karaikal,karaikal,Keezhaponbethy,1388778,Bus stop,"Keza ponpethy,  Nedungadu",35:27.3,Transport/Admin,Bus Stand,10.97164387,79.77700566
Pondicherry,Karaikal,karaikal,Polagam,1389128,Govt Middle school,Polagam,24:40.0,Education ,High School - General,10.83380391,79.83376435
Pondicherry,Karaikal,karaikal,Polagam,1389128,Grama Panchayat  office  south,polagam,08:18.2,Transport/Admin,Panchayat Headquarter,10.8632914,79.82897233
Pondicherry,Karaikal,karaikal,Polagam,1389128,Bus Stop,polagam,08:36.8,Transport/Admin,Bus Stand,10.8630049,79.82967192
Pondicherry,Karaikal,karaikal,Polagam,1389128,Govt primary school,polagam,07:56.8,Education ,High School - General,10.86211461,79.82476555
Pondicherry,Karaikal,karaikal,Polagam,1389128,Pvt  High school,Vengatesvara  High school.  polagam,25:20.8,Education ,High School - General,10.86545661,79.82534011
Pondicherry,Karaikal,karaikal,Pattinacherry,1389131,Fisher Man Co operative  society,Pattinacherry,21:05.2,Agro ,Collection Centre or Pack House,10.88058257,79.84685475
Pondicherry,Karaikal,karaikal,Pattinacherry,1389131,Health Sub center,Pattinacherry,20:47.9,Medical ,Primary Health Centre,10.88138416,79.84785507
Pondicherry,Karaikal,karaikal,Pattinacherry,1389131,Govt primary school,Pattinacherray,20:23.1,Education ,High School - General,10.87664808,79.83716096
Pondicherry,Puducherry,Ariankuppam,Kakayanthopu,1388229,Govt. primary school,kakayanthope,22:01.9,Education ,High School - General,11.89531667,79.81521167
Pondicherry,Puducherry,Ariankuppam,Kakayanthopu,1388229,Santha Trust high school,kakayanthope,26:22.8,Education ,High School - General,11.89598167,79.81412167
Pondicherry,Puducherry,Ariankuppam,Kakayanthopu,1388229,Indian bank,karaiyamputhur,01:21.0,Transport/Admin,Bank,11.82007,79.64927833
Pondicherry,Puducherry,Ariankuppam,Pudukuppam,1388243,govt primary school,pudukuppam,46:26.4,Education ,High School - General,11.866595,79.81465667
Pondicherry,Puducherry,Ariankuppam,Eripakkam Nathamedu,1388294,Health and wellness centre,Nathamedu,59:40.4,Medical ,Primary Health Centre,11.87814,79.64003667
Pondicherry,Puducherry,Villianur,Kunitchempet,1388329,Indian oil bunk,Thiruvannamalai road,07:37.1,Transport/Admin,Fuel Station,11.99759726,79.62817715
Pondicherry,Puducherry,Villianur,Kunitchempet,1388329,Government Higher secondary school,kunichempet,06:15.3,Education ,High School - General,12.00441361,79.62971049
Pondicherry,Puducherry,Villianur,Kunitchempet,1388329,Marketing committee,Thiruvannamalai road,08:44.2,Agro ,Mandi (Notified),11.9975503,79.62828271
Pondicherry,Puducherry,Villianur,Kunitchempet,1388329,veternary hospital,kunichempet,06:46.2,Medical ,Veterinary Hospital,11.99736053,79.63023655
Pondicherry,Puducherry,Villianur,Suthukeny,1388343,Government high school,suthukeny,01:18.2,Education ,High School - General,12.01741527,79.67648338
Pondicherry,Karaikal,karaikal,Kottucherry North E1,1388729,Grama panchayat  office,Kottucherry  East,31:44.3,Transport/Admin,Panchayat Headquarter,10.964447,79.8313469
Pondicherry,Karaikal,karaikal,Kottucherry North E1,1388729,"Annai  Abirami  National  High school  , Kottucherry     (pvt)",kottucherry East,30:48.4,Education ,High School - General,10.96686881,79.82666821
Pondicherry,Karaikal,karaikal,Kottucherry North E1,1388729,Commune  panchayat office  kottucherry,kottucherry,38:10.2,Transport/Admin,Panchayat Headquarter,10.9584285,79.82692808
Pondicherry,Karaikal,karaikal,Kottucherry North E1,1388729,Primary  Health  center,kottucherry,37:00.0,Medical ,Primary Health Centre,10.95909968,79.82524591
Pondicherry,Karaikal,karaikal,Kottucherry North E1,1388729,Revenue  Department,kottucherry,38:33.8,Transport/Admin,Panchayat Headquarter,10.95914364,79.82867587
Pondicherry,Puducherry,Ariankuppam,Thavalakuppam,1388235,Indian overseas Bank,thavalakuppam,44:02.4,Transport/Admin,Bank,11.864155,79.79275333
Pondicherry,Puducherry,Ariankuppam,Thavalakuppam,1388235,Rajivgandhi Arts and science College,Thavalakuppam,26:08.8,Education ,Degree College,11.86247167,79.79911333
Pondicherry,Puducherry,Ariankuppam,Thavalakuppam,1388235,Aravindar eye hospital,Thavalakuppam,43:12.9,Medical ,Bedded Hospital,11.86391333,79.7928
Pondicherry,Puducherry,Ariankuppam,Thavalakuppam,1388235,Arun agency HP fuel station,Thavalakuppam,32:31.6,Transport/Admin,Fuel Station,11.85801833,79.79132333
Pondicherry,Puducherry,Villianur,Vadhanur,1388335,Central bank of india,vadhanur,15:09.9,Transport/Admin,Bank,11.971365,79.63665084
Pondicherry,Puducherry,Villianur,Vadhanur,1388335,veternary hospital,vadhanur,16:28.9,Medical ,Veterinary Hospital,11.97096816,79.63778546
Pondicherry,Puducherry,Villianur,Vadhanur,1388335,Annai sarada devi government high school,vadhanur,17:45.5,Education ,High School - General,11.97051239,79.63882564
Pondicherry,Puducherry,Villianur,Puranasinga Palayam,1388337,Indian oil petrol bunk,PS palayam,18:40.2,Transport/Admin,Fuel Station,11.95403697,79.62916254
Pondicherry,Puducherry,Villianur,Puranasinga Palayam,1388337,Pavendar bharatidasan government higher secondary school,PS palayam,19:52.3,Education ,High School - General,11.95019308,79.63417667
Pondicherry,Puducherry,Villianur,Pangoor,1388386,Amudhasurabhi cooperative petrol bunk,"villupuram main road, Pangoor",15:32.2,Transport/Admin,Fuel Station,11.90544422,79.70647729
Pondicherry,Karaikal,karaikal,Yadaval street,1388686,Govt primary school,Poovam,17:12.6,Education ,High School - General,10.99275566,79.83028887
Pondicherry,Karaikal,karaikal,Yadaval street,1388686,Grama  panchayat  office,poovam,20:06.6,Transport/Admin,Panchayat Headquarter,10.99272207,79.83033324
Pondicherry,Karaikal,karaikal,Yadaval street,1388686,"Govt  High school,Poovam",poovam,18:15.3,Education ,High School - General,10.99272924,79.83032648
Pondicherry,Karaikal,karaikal,Yadaval street,1388686,Health sub center,poovam,19:37.0,Medical ,Primary Health Centre,10.99272207,79.83033324
Pondicherry,Karaikal,karaikal,Poovam South,1388688,Rural Development  center,varichikudy,21:21.9,Transport/Admin,Block Headquarter,10.984461,79.82602023
Pondicherry,Karaikal,karaikal,Poovam South,1388688,Veterinary  Hospital  Key  village  unit,poovam,20:37.7,Medical ,Veterinary Hospital,10.98673046,79.82655823
Pondicherry,Karaikal,karaikal,Poovam South,1388688,Canara  Bank,Poovam,20:21.9,Transport/Admin,Bank,10.99181946,79.82901376
Pondicherry,Karaikal,karaikal,Poovam South,1388688,Govt primary school,varichikudy east,21:46.6,Education ,High School - General,10.98474234,79.82597527
Pondicherry,Karaikal,karaikal,Poovam South,1388688,Primary  Health centre,varichikudy,22:46.4,Medical ,Primary Health Centre,10.98529659,79.82619807
Pondicherry,Karaikal,karaikal,Poovam South,1388688,Bus stop,varichikudy,22:06.9,Transport/Admin,Bus Stand,10.98524083,79.82625503
Pondicherry,Karaikal,karaikal,Vellapillaiyar Koil Street,1388735,Govt Girls High school,kottucherry,35:16.6,Education ,High School - Girls,10.96108669,79.82630525
Pondicherry,Karaikal,karaikal,Jeeva nagar,1388737,Govt primary  school cbsc,Jeeva nagar,34:37.2,Education ,High School - General,10.95877981,79.83175028
Pondicherry,Karaikal,karaikal,Annavasal,1389037,Pvt Higher  secondary  school,Nedungadu,07:36.1,Education ,High School - General,10.97422678,79.76486943
Pondicherry,Karaikal,karaikal,Annavasal,1389037,Indian  oil Petrol  Bunk,"Annavasal  ,Nedungadu",32:10.1,Transport/Admin,Fuel Station,10.97439857,79.7559616
Pondicherry,Karaikal,karaikal,Annavasal,1389037,Pvt  petrol  bunk,Nedungadu,08:06.1,Transport/Admin,Fuel Station,10.97416827,79.76656477
Pondicherry,Karaikal,karaikal,Melavanjure,1389137,Bus stop  Near  Karaikal Port,vanjure,22:26.7,Transport/Admin,Bus Stand,10.82821725,79.83451239
Pondicherry,Karaikal,karaikal,Melavanjure,1389137,Govt  Primary school,vanjure,21:38.0,Education ,High School - General,10.82828936,79.83320661
Pondicherry,Karaikal,karaikal,Melavanjure,1389137,Pvt  High  school (Mahalaximi CBSC),Mahalaxmi  cbsc school.  Vanjure,24:22.3,Education ,High School - General,10.83397925,79.83352264
Pondicherry,Karaikal,karaikal,Melavanjure,1389137,Bus stop,Chemplast  ind  stop,08:56.9,Transport/Admin,Bus Stand,10.84678841,79.83113722
Pondicherry,Puducherry,Villianur,Perungalore,1388408,Govt. Primary school,Perungalore,53:17.0,Education ,High School - General,11.8732253,79.75691069
Pondicherry,Puducherry,Villianur,Perungalore,1388408,milk collection centre,perugalore,55:37.9,Agro ,Collection Centre or Pack House,11.87058602,79.75644902
Pondicherry,Karaikal,karaikal,Pulianthoppu,1388715,Govt  High school,"Varichikudy, Perumal  koil  Street",23:18.0,Education ,High School - General,10.98795763,79.81897019
Pondicherry,Karaikal,karaikal,Thiruvengadapuram,1389008,Bus stop,Thiruvengatapuram,37:50.4,Transport/Admin,Bus Stand,10.96897199,79.79232316
Pondicherry,Karaikal,karaikal,Thiruvengadapuram,1389008,veteinary key unit,Thiruvengatapuram,39:18.3,Medical ,Veterinary Hospital,10.96894224,79.7930728
Pondicherry,Puducherry,Ariankuppam,Nettapakkam,1388307,Health and wellness centre,Nettapakkam,20:59.9,Medical ,Primary Health Centre,11.86661667,79.63282
Pondicherry,Puducherry,Ariankuppam,Nettapakkam,1388307,Govt primary school,Nettapakkam,19:42.3,Education ,High School - General,11.86476333,79.63375667
Pondicherry,Puducherry,Ariankuppam,Nettapakkam,1388307,Govt ITI,nettapakkam,25:40.4,Education ,ITI,11.86899833,79.63251667
Pondicherry,Puducherry,Ariankuppam,Nettapakkam,1388307,IOB bank,nettapakkam,29:50.1,Transport/Admin,Bank,11.86353167,79.636155
Pondicherry,Puducherry,Ariankuppam,Nettapakkam,1388307,Nettapakkam commune panchayat,Nettapakkam,20:17.9,Transport/Admin,Panchayat Headquarter,11.86437167,79.63391167
Pondicherry,Puducherry,Ariankuppam,Nettapakkam,1388307,Govt higher secondary school,nettapakkam,21:56.2,Education ,Higher Secondary School,11.86706167,79.63264667
Pondicherry,Puducherry,Ariankuppam,Nettapakkam,1388307,PBG bank,Nettapakkam,29:06.2,Transport/Admin,Bank,11.86438167,79.63407333
Pondicherry,Puducherry,Villianur,Villianur West,1388407,kannagi government girls Higher Secondary School,villianur,12:35.5,Education ,Higher Secondary School,11.9086311,79.75105293
Pondicherry,Puducherry,Villianur,Villianur West,1388407,kasthurba college for women,villianur,40:00.6,Education ,Degree College,11.90996132,79.75099963
Pondicherry,Karaikal,karaikal,Pettai,1389186,Govt primary school,Pettai,51:34.7,Education ,High School - General,10.91129882,79.78006814
